-- phpMyAdmin SQL Dump
-- version 5.2.2
-- https://www.phpmyadmin.net/
--
-- Host: 127.0.0.1
-- Generation Time: Feb 03, 2025 at 10:20 AM
-- Server version: 10.4.32-MariaDB
-- PHP Version: 8.2.12

SET SQL_MODE = "NO_AUTO_VALUE_ON_ZERO";
START TRANSACTION;
SET time_zone = "+00:00";


/*!40101 SET @OLD_CHARACTER_SET_CLIENT=@@CHARACTER_SET_CLIENT */;
/*!40101 SET @OLD_CHARACTER_SET_RESULTS=@@CHARACTER_SET_RESULTS */;
/*!40101 SET @OLD_COLLATION_CONNECTION=@@COLLATION_CONNECTION */;
/*!40101 SET NAMES utf8mb4 */;

--
-- Database: `hpl`
--

-- --------------------------------------------------------

--
-- Table structure for table `allocation`
--

CREATE TABLE `allocation` (
  `allocation_id` int(11) NOT NULL,
  `cname_id` varchar(100) DEFAULT NULL,
  `assets_id` varchar(255) DEFAULT NULL,
  `employee_id` varchar(100) NOT NULL,
  `status` int(11) NOT NULL,
  `created_at` timestamp NULL DEFAULT NULL,
  `updated_at` timestamp NULL DEFAULT NULL
) ENGINE=InnoDB DEFAULT CHARSET=utf8 COLLATE=utf8_unicode_ci;

--
-- Dumping data for table `allocation`
--

INSERT INTO `allocation` (`allocation_id`, `cname_id`, `assets_id`, `employee_id`, `status`, `created_at`, `updated_at`) VALUES
(1, 'PC2_2025-02-03 15:33:07', NULL, '01', 0, '2025-02-03 09:17:43', '2025-02-03 09:19:25');

-- --------------------------------------------------------

--
-- Table structure for table `assets`
--

CREATE TABLE `assets` (
  `assetstbl_id` int(11) NOT NULL,
  `assets_id` varchar(255) NOT NULL,
  `assets` text NOT NULL,
  `brand` text NOT NULL,
  `model` text NOT NULL,
  `sn` text NOT NULL,
  `created_at` text DEFAULT NULL,
  `updated_at` text DEFAULT NULL
) ENGINE=InnoDB DEFAULT CHARSET=utf8 COLLATE=utf8_unicode_ci;

--
-- Dumping data for table `assets`
--

INSERT INTO `assets` (`assetstbl_id`, `assets_id`, `assets`, `brand`, `model`, `sn`, `created_at`, `updated_at`) VALUES
(1, 'CPU_987-654-321', 'CPU', 'AMD', 'RYZEN 3', '987-654-321', '2025-01-31 03:32:34', NULL),
(2, 'CPU_0000001223566', 'CPU', 'INTEL', 'I-7', '0000001223566', '2025-01-31 03:32:34', NULL),
(3, 'MOTHERBOARD_213654688823', 'MOTHERBOARD', 'GIGABYTE', 'A2551', '213654688823', '2025-01-31 06:11:09', NULL),
(4, 'GPU_TAJ03819SL0', 'GPU', 'NVIDIA', 'GTX 1050 Ti', 'TAJ03819SL0', '2025-02-01 01:05:59', NULL),
(5, 'RAM_123456789-8', 'RAM', 'KINGSTON', 'HYPERX', '123456789-8', '2025-02-01 01:36:49', NULL),
(6, 'HDD_7AS54555', 'HDD', 'SEAGATE', '1TB', '7AS54555', '2025-02-01 01:39:12', NULL),
(7, 'SSD_CF55258-8', 'SSD', 'COLORFUL', '128GB', 'CF55258-8', '2025-02-01 01:39:12', NULL),
(8, 'MONITOR_10-AS-A5885587', 'MONITOR', 'BENQ', 'A255', '10-AS-A5885587', '2025-02-01 01:39:12', NULL),
(9, 'KEYBOARD_546515878-ASDASD', 'KEYBOARD', 'A4TECH', 'GENERIC', '546515878-ASDASD', '2025-02-01 01:39:12', NULL),
(10, 'MOUSE_44654654-ASDSDF', 'MOUSE', 'A4TECH', 'GENERIC', '44654654-ASDSDF', '2025-02-01 01:39:12', NULL),
(11, 'HEADSET_565ASD54ASD88Q', 'HEADSET', 'REDRAGON', 'X2', '565ASD54ASD88Q', '2025-02-01 01:39:12', NULL),
(12, 'WEBCAM_54489QW7456', 'WEBCAM', 'DIGIDROID', 'GENERIC', '54489QW7456', '2025-02-01 01:39:12', NULL),
(13, 'MOTHERBOARD_213654688825', 'MOTHERBOARD', 'GIGABYTE', 'A2555', '213654688825', '2025-02-01 03:26:45', NULL),
(14, 'HDD_ASDASDII877', 'HDD', 'KINGSTON', '2TB', 'ASDASDII877', '2025-02-01 03:29:36', NULL);

-- --------------------------------------------------------

--
-- Table structure for table `computer`
--

CREATE TABLE `computer` (
  `computertbl_id` int(11) NOT NULL,
  `cname_id` varchar(255) NOT NULL,
  `cname` varchar(255) NOT NULL,
  `assets_id` varchar(255) NOT NULL,
  `status` int(11) NOT NULL,
  `created_at` timestamp NULL DEFAULT NULL,
  `updated_at` timestamp NULL DEFAULT NULL
) ENGINE=InnoDB DEFAULT CHARSET=utf8mb4 COLLATE=utf8mb4_general_ci;

--
-- Dumping data for table `computer`
--

INSERT INTO `computer` (`computertbl_id`, `cname_id`, `cname`, `assets_id`, `status`, `created_at`, `updated_at`) VALUES
(4, 'PC1_2025-02-01 02:34:30', 'PC1', 'CPU_987-654-321', 0, '2025-01-31 18:34:30', NULL),
(5, 'PC1_2025-02-01 02:34:30', 'PC1', 'MOTHERBOARD_213654688823', 0, '2025-01-31 18:34:30', NULL),
(6, 'PC1_2025-02-01 02:34:30', 'PC1', 'GPU_TAJ03819SL0', 0, '2025-01-31 18:34:30', NULL),
(7, 'PC1_2025-02-01 02:34:30', 'PC1', 'RAM_123456789-8', 0, '2025-01-31 18:34:30', NULL),
(8, 'PC1_2025-02-01 02:34:30', 'PC1', 'HDD_7AS54555', 0, '2025-01-31 18:34:30', NULL),
(9, 'PC1_2025-02-01 02:34:30', 'PC1', 'SSD_CF55258-8', 0, '2025-01-31 18:34:30', NULL),
(10, 'PC1_2025-02-01 02:34:30', 'PC1', 'MONITOR_10-AS-A5885587', 0, '2025-01-31 18:34:30', NULL),
(11, 'PC1_2025-02-01 02:34:30', 'PC1', 'KEYBOARD_546515878-ASDASD', 0, '2025-01-31 18:34:30', NULL),
(12, 'PC1_2025-02-01 02:34:30', 'PC1', 'MOUSE_44654654-ASDSDF', 0, '2025-01-31 18:34:30', NULL),
(13, 'PC1_2025-02-01 02:34:30', 'PC1', 'HEADSET_565ASD54ASD88Q', 0, '2025-01-31 18:34:30', NULL),
(14, 'PC1_2025-02-01 02:34:30', 'PC1', 'WEBCAM_54489QW7456', 0, '2025-01-31 18:34:30', NULL),
(16, 'PC3_2025-02-01 03:43:02', 'PC3', 'MOTHERBOARD_213654688825', 0, '2025-01-31 19:43:02', NULL),
(17, 'PC3_2025-02-01 03:43:02', 'PC3', 'HDD_ASDASDII877', 0, '2025-01-31 19:43:02', NULL),
(18, 'PC2_2025-02-03 15:33:07', 'PC2', 'CPU_0000001223566', 0, '2025-02-03 07:33:07', '2025-02-03 09:19:25');

-- --------------------------------------------------------

--
-- Table structure for table `computer_history`
--

CREATE TABLE `computer_history` (
  `history_id` int(11) NOT NULL,
  `employee_id` varchar(255) NOT NULL,
  `allocation_id` int(11) DEFAULT NULL,
  `transfer_id` int(11) DEFAULT NULL,
  `return_id` int(11) DEFAULT NULL,
  `cname_id` varchar(255) NOT NULL,
  `created_at` timestamp NULL DEFAULT NULL,
  `updated_at` timestamp NULL DEFAULT NULL
) ENGINE=InnoDB DEFAULT CHARSET=utf8 COLLATE=utf8_unicode_ci;

--
-- Dumping data for table `computer_history`
--

INSERT INTO `computer_history` (`history_id`, `employee_id`, `allocation_id`, `transfer_id`, `return_id`, `cname_id`, `created_at`, `updated_at`) VALUES
(1, '01', 1, NULL, NULL, 'PC2_2025-02-03 15:33:07', '2025-02-03 09:17:43', NULL),
(2, '01', NULL, NULL, 1, 'PC2_2025-02-03 15:33:07', '2025-02-03 09:19:25', NULL);

-- --------------------------------------------------------

--
-- Table structure for table `employee`
--

CREATE TABLE `employee` (
  `employee_id` varchar(100) NOT NULL,
  `fname` varchar(255) NOT NULL,
  `lname` varchar(255) NOT NULL,
  `contact` varchar(15) NOT NULL,
  `street` varchar(255) NOT NULL,
  `brgy` varchar(255) NOT NULL,
  `city` varchar(255) NOT NULL,
  `province` varchar(255) NOT NULL,
  `region` varchar(255) NOT NULL,
  `zip` varchar(10) NOT NULL,
  `status` int(11) NOT NULL,
  `created_at` timestamp NULL DEFAULT NULL,
  `updated_at` timestamp NULL DEFAULT NULL
) ENGINE=InnoDB DEFAULT CHARSET=utf8 COLLATE=utf8_unicode_ci;

--
-- Dumping data for table `employee`
--

INSERT INTO `employee` (`employee_id`, `fname`, `lname`, `contact`, `street`, `brgy`, `city`, `province`, `region`, `zip`, `status`, `created_at`, `updated_at`) VALUES
('01', 'Zo', 'Ren', '09572222222', '123', '123', 'PINILI', 'ILOCOS NORTE', 'REGION I - ILOCOS REGION', '1234', 1, '2025-02-03 03:41:44', NULL),
('02', 'Ro', 'Se', '09175656565', '456', '456', 'ADAMS', 'BATANES', 'REGION II - CAGAYAN VALLEY', '4567', 1, '2025-02-03 03:42:01', NULL),
('03', 'Tom', 'My', '09185222222', '789', '789', 'CITY OF MANILA', 'NCR, FIRST DISTRICT', 'NATIONAL CAPITAL REGION', '7890', 1, '2025-02-03 03:42:28', NULL);

-- --------------------------------------------------------

--
-- Table structure for table `returned`
--

CREATE TABLE `returned` (
  `return_id` int(11) NOT NULL,
  `assets_id` varchar(255) DEFAULT NULL,
  `cname_id` varchar(255) DEFAULT NULL,
  `employee_id` varchar(100) NOT NULL,
  `created_at` timestamp NULL DEFAULT NULL
) ENGINE=InnoDB DEFAULT CHARSET=utf8mb4 COLLATE=utf8mb4_general_ci;

--
-- Dumping data for table `returned`
--

INSERT INTO `returned` (`return_id`, `assets_id`, `cname_id`, `employee_id`, `created_at`) VALUES
(1, NULL, 'PC2_2025-02-03 15:33:07', '01', '2025-02-03 09:19:25');

-- --------------------------------------------------------

--
-- Table structure for table `tblcitymun`
--

CREATE TABLE `tblcitymun` (
  `region_c` varchar(2) NOT NULL,
  `province_c` varchar(2) NOT NULL,
  `district_c` varchar(3) NOT NULL,
  `citymun_c` varchar(2) NOT NULL,
  `citymun_m` varchar(200) NOT NULL,
  `lgu_type` varchar(3) NOT NULL,
  `income` varchar(20) NOT NULL
) ENGINE=InnoDB DEFAULT CHARSET=utf8 COLLATE=utf8_unicode_ci;

--
-- Dumping data for table `tblcitymun`
--

INSERT INTO `tblcitymun` (`region_c`, `province_c`, `district_c`, `citymun_c`, `citymun_m`, `lgu_type`, `income`) VALUES
('01', '28', '1', '01', 'ADAMS', 'M', '5th'),
('01', '28', '1', '02', 'BACARRA', 'M', '3rd'),
('01', '28', '2', '03', 'BADOC', 'M', '3rd'),
('01', '28', '1', '04', 'BANGUI', 'M', '4th'),
('01', '28', '2', '11', 'BANNA (ESPIRITU)', 'M', '4th'),
('01', '28', '1', '06', 'BURGOS', 'M', '5th'),
('01', '28', '1', '07', 'CARASI', 'M', '5th'),
('01', '28', '2', '05', 'CITY OF BATAC', 'CC', '5th'),
('01', '28', '2', '08', 'CURRIMAO', 'M', '4th'),
('01', '28', '2', '09', 'DINGRAS', 'M', '2nd'),
('01', '28', '1', '10', 'DUMALNEG', 'M', '5th'),
('01', '28', '1', '12', 'CITY OF LAOAG (Capital)', 'CC', '3rd'),
('01', '28', '2', '13', 'MARCOS', 'M', '4th'),
('01', '28', '2', '14', 'NUEVA ERA', 'M', '3rd'),
('01', '28', '1', '15', 'PAGUDPUD', 'M', '4th'),
('01', '28', '2', '16', 'PAOAY', 'M', '4th'),
('01', '28', '1', '17', 'PASUQUIN', 'M', '3rd'),
('01', '28', '1', '18', 'PIDDIG', 'M', '3rd'),
('01', '28', '2', '19', 'PINILI', 'M', '3rd'),
('01', '28', '2', '20', 'SAN NICOLAS', 'M', '2nd'),
('01', '28', '1', '21', 'SARRAT', 'M', '4th'),
('01', '28', '2', '22', 'SOLSONA', 'M', '3rd'),
('01', '28', '1', '23', 'VINTAR', 'M', '1st'),
('01', '29', '2', '01', 'ALILEM', 'M', '4th'),
('01', '29', '2', '02', 'BANAYOYO', 'M', '4th'),
('01', '29', '1', '03', 'BANTAY', 'M', '3rd'),
('01', '29', '2', '04', 'BURGOS', 'M', '4th'),
('01', '29', '1', '05', 'CABUGAO', 'M', '1st'),
('01', '29', '1', '07', 'CAOAYAN', 'M', '4th'),
('01', '29', '2', '08', 'CERVANTES', 'M', '4th'),
('01', '29', '2', '06', 'CITY OF CANDON', 'CC', '4th'),
('01', '29', '1', '34', 'CITY OF VIGAN (Capital)', 'CC', '4th'),
('01', '29', '2', '09', 'GALIMUYOD', 'M', '4th'),
('01', '29', '2', '10', 'GREGORIO DEL PILAR (CONCEPCION)', 'M', '5th'),
('01', '29', '2', '11', 'LIDLIDDA', 'M', '5th'),
('01', '29', '1', '12', 'MAGSINGAL', 'M', '3rd'),
('01', '29', '2', '13', 'NAGBUKEL', 'M', '5th'),
('01', '29', '2', '14', 'NARVACAN', 'M', '2nd'),
('01', '29', '2', '15', 'QUIRINO (ANGKAKI)', 'M', '4th'),
('01', '29', '2', '16', 'SALCEDO (BAUGEN)', 'M', '4th'),
('01', '29', '2', '17', 'SAN EMILIO', 'M', '4th'),
('01', '29', '2', '18', 'SAN ESTEBAN', 'M', '5th'),
('01', '29', '1', '19', 'SAN ILDEFONSO', 'M', '5th'),
('01', '29', '1', '20', 'SAN JUAN (LAPOG)', 'M', '3rd'),
('01', '29', '1', '21', 'SAN VICENTE', 'M', '5th'),
('01', '29', '2', '22', 'SANTA', 'M', '4th'),
('01', '29', '1', '23', 'SANTA CATALINA', 'M', '5th'),
('01', '29', '2', '24', 'SANTA CRUZ', 'M', '1st'),
('01', '29', '2', '25', 'SANTA LUCIA', 'M', '3rd'),
('01', '29', '2', '26', 'SANTA MARIA', 'M', '3rd'),
('01', '29', '2', '27', 'SANTIAGO', 'M', '4th'),
('01', '29', '1', '28', 'SANTO DOMINGO', 'M', '3rd'),
('01', '29', '2', '29', 'SIGAY', 'M', '5th'),
('01', '29', '1', '30', 'SINAIT', 'M', '3rd'),
('01', '29', '2', '31', 'SUGPON', 'M', '5th'),
('01', '29', '2', '32', 'SUYO', 'M', '4th'),
('01', '29', '2', '33', 'TAGUDIN', 'M', '2nd'),
('01', '33', '2', '01', 'AGOO', 'M', '1st'),
('01', '33', '2', '02', 'ARINGAY', 'M', '2nd'),
('01', '33', '1', '03', 'BACNOTAN', 'M', '1st'),
('01', '33', '2', '04', 'BAGULIN', 'M', '5th'),
('01', '33', '1', '05', 'BALAOAN', 'M', '1st'),
('01', '33', '1', '06', 'BANGAR', 'M', '3rd'),
('01', '33', '2', '07', 'BAUANG', 'M', '1st'),
('01', '33', '2', '08', 'BURGOS', 'M', '5th'),
('01', '33', '2', '09', 'CABA', 'M', '4th'),
('01', '33', '1', '14', 'CITY OF SAN FERNANDO (Capital)', 'CC', '3rd'),
('01', '33', '1', '10', 'LUNA', 'M', '3rd'),
('01', '33', '2', '11', 'NAGUILIAN', 'M', '1st'),
('01', '33', '2', '12', 'PUGO', 'M', '5th'),
('01', '33', '2', '13', 'ROSARIO', 'M', '1st'),
('01', '33', '1', '15', 'SAN GABRIEL', 'M', '4th'),
('01', '33', '1', '16', 'SAN JUAN', 'M', '2nd'),
('01', '33', '2', '17', 'SANTO TOMAS', 'M', '4th'),
('01', '33', '1', '18', 'SANTOL', 'M', '4th'),
('01', '33', '1', '19', 'SUDIPEN', 'M', '4th'),
('01', '33', '2', '20', 'TUBAO', 'M', '4th'),
('01', '55', '1', '01', 'AGNO', 'M', '3rd'),
('01', '55', '2', '02', 'AGUILAR', 'M', '3rd'),
('01', '55', '5', '04', 'ALCALA', 'M', '3rd'),
('01', '55', '1', '05', 'ANDA', 'M', '3rd'),
('01', '55', '6', '06', 'ASINGAN', 'M', '2nd'),
('01', '55', '6', '07', 'BALUNGAO', 'M', '4th'),
('01', '55', '1', '08', 'BANI', 'M', '2nd'),
('01', '55', '2', '09', 'BASISTA', 'M', '4th'),
('01', '55', '5', '10', 'BAUTISTA', 'M', '4th'),
('01', '55', '3', '11', 'BAYAMBANG', 'M', '1st'),
('01', '55', '5', '12', 'BINALONAN', 'M', '1st'),
('01', '55', '2', '13', 'BINMALEY', 'M', '1st'),
('01', '55', '1', '14', 'BOLINAO', 'M', '1st'),
('01', '55', '2', '15', 'BUGALLON', 'M', '2nd'),
('01', '55', '1', '16', 'BURGOS', 'M', '4th'),
('01', '55', '3', '17', 'CALASIAO', 'M', '1st'),
('01', '55', '1', '03', 'CITY OF ALAMINOS', 'CC', '4th'),
('01', '55', '5', '46', 'CITY OF URDANETA', 'CC', '2nd'),
('01', '55', '4', '18', 'CITY OF DAGUPAN', 'ICC', '2nd'),
('01', '55', '1', '19', 'DASOL', 'M', '3rd'),
('01', '55', '1', '20', 'INFANTA', 'M', '3rd'),
('01', '55', '2', '21', 'LABRADOR', 'M', '4th'),
('01', '55', '5', '48', 'LAOAC', 'M', '4th'),
('01', '55', '2', '22', 'LINGAYEN (Capital)', 'M', '1st'),
('01', '55', '1', '23', 'MABINI', 'M', '3rd'),
('01', '55', '3', '24', 'MALASIQUI', 'M', '1st'),
('01', '55', '4', '25', 'MANAOAG', 'M', '1st'),
('01', '55', '4', '26', 'MANGALDAN', 'M', '1st'),
('01', '55', '2', '27', 'MANGATAREM', 'M', '1st'),
('01', '55', '3', '28', 'MAPANDAN', 'M', '3rd'),
('01', '55', '6', '29', 'NATIVIDAD', 'M', '4th'),
('01', '55', '5', '30', 'POZORRUBIO', 'M', '1st'),
('01', '55', '6', '31', 'ROSALES', 'M', '1st'),
('01', '55', '3', '32', 'CITY OF SAN CARLOS', 'CC', '3rd'),
('01', '55', '4', '33', 'SAN FABIAN', 'M', '1st'),
('01', '55', '4', '34', 'SAN JACINTO', 'M', '3rd'),
('01', '55', '6', '35', 'SAN MANUEL', 'M', '1st'),
('01', '55', '6', '36', 'SAN NICOLAS', 'M', '1st'),
('01', '55', '6', '37', 'SAN QUINTIN', 'M', '3rd'),
('01', '55', '3', '38', 'SANTA BARBARA', 'M', '1st'),
('01', '55', '6', '39', 'SANTA MARIA', 'M', '4th'),
('01', '55', '5', '40', 'SANTO TOMAS', 'M', '5th'),
('01', '55', '5', '41', 'SISON', 'M', '3rd'),
('01', '55', '1', '42', 'SUAL', 'M', '1st'),
('01', '55', '6', '43', 'TAYUG', 'M', '3rd'),
('01', '55', '6', '44', 'UMINGAN', 'M', '1st'),
('01', '55', '2', '45', 'URBIZTONDO', 'M', '3rd'),
('01', '55', '5', '47', 'VILLASIS', 'M', '1st'),
('02', '09', '0', '01', 'BASCO (Capital)', 'M', '5th'),
('02', '09', '0', '02', 'ITBAYAT', 'M', '5th'),
('02', '09', '0', '03', 'IVANA', 'M', '6th'),
('02', '09', '0', '04', 'MAHATAO', 'M', '6th'),
('02', '09', '0', '05', 'SABTANG', 'M', '6th'),
('02', '09', '0', '06', 'UYUGAN', 'M', '6th'),
('02', '15', '2', '01', 'ABULUG', 'M', '3rd'),
('02', '15', '1', '02', 'ALCALA', 'M', '3rd'),
('02', '15', '2', '03', 'ALLACAPAN', 'M', '3rd'),
('02', '15', '3', '04', 'AMULUNG', 'M', '2nd'),
('02', '15', '1', '05', 'APARRI', 'M', '1st'),
('02', '15', '1', '06', 'BAGGAO', 'M', '1st'),
('02', '15', '2', '07', 'BALLESTEROS', 'M', '4th'),
('02', '15', '1', '08', 'BUGUEY', 'M', '3rd'),
('02', '15', '2', '09', 'CALAYAN', 'M', '3rd'),
('02', '15', '1', '10', 'CAMALANIUGAN', 'M', '4th'),
('02', '15', '2', '11', 'CLAVERIA', 'M', '3rd'),
('02', '15', '3', '12', 'ENRILE', 'M', '3rd'),
('02', '15', '1', '13', 'GATTARAN', 'M', '1st'),
('02', '15', '1', '14', 'GONZAGA', 'M', '1st'),
('02', '15', '3', '15', 'IGUIG', 'M', '4th'),
('02', '15', '1', '16', 'LAL-LO', 'M', '1st'),
('02', '15', '2', '17', 'LASAM', 'M', '3rd'),
('02', '15', '2', '18', 'PAMPLONA', 'M', '4th'),
('02', '15', '3', '19', 'PEÑABLANCA', 'M', '1st'),
('02', '15', '2', '20', 'PIAT', 'M', '4th'),
('02', '15', '2', '21', 'RIZAL', 'M', '5th'),
('02', '15', '2', '22', 'SANCHEZ-MIRA', 'M', '3rd'),
('02', '15', '1', '23', 'SANTA ANA', 'M', '2nd'),
('02', '15', '2', '24', 'SANTA PRAXEDES', 'M', '5th'),
('02', '15', '1', '25', 'SANTA TERESITA', 'M', '4th'),
('02', '15', '2', '26', 'SANTO NIÑO (FAIRE)', 'M', '2nd'),
('02', '15', '3', '27', 'SOLANA', 'M', '1st'),
('02', '15', '3', '28', 'TUAO', 'M', '1st'),
('02', '15', '3', '29', 'TUGUEGARAO CITY (Capital)', 'CC', '3rd'),
('02', '31', '3', '01', 'ALICIA', 'M', '1st'),
('02', '31', '3', '02', 'ANGADANAN', 'M', '3rd'),
('02', '31', '2', '03', 'AURORA', 'M', '3rd'),
('02', '31', '2', '04', 'BENITO SOLIVEN', 'M', '4th'),
('02', '31', '2', '05', 'BURGOS', 'M', '4th'),
('02', '31', '1', '06', 'CABAGAN', 'M', '1st'),
('02', '31', '3', '07', 'CABATUAN', 'M', '3rd'),
('02', '31', '3', '08', 'CITY OF CAUAYAN', 'CC', '3rd'),
('02', '31', '4', '35', 'CITY OF SANTIAGO', 'ICC', '1st'),
('02', '31', '4', '09', 'CORDON', 'M', '3rd'),
('02', '31', '1', '18', 'DELFIN ALBANO (MAGSAYSAY)', 'M', '4th'),
('02', '31', '4', '10', 'DINAPIGUE', 'M', '1st'),
('02', '31', '1', '11', 'DIVILACAN', 'M', '2nd'),
('02', '31', '4', '12', 'ECHAGUE', 'M', '1st'),
('02', '31', '2', '13', 'GAMU', 'M', '4th'),
('02', '31', '1', '14', 'CITY OF ILAGAN (Capital)', 'CC', '1st (as Mun)'),
('02', '31', '4', '15', 'JONES', 'M', '1st'),
('02', '31', '3', '16', 'LUNA', 'M', '5th'),
('02', '31', '1', '17', 'MACONACON', 'M', '3rd'),
('02', '31', '2', '19', 'MALLIG', 'M', '4th'),
('02', '31', '2', '20', 'NAGUILIAN', 'M', '4th'),
('02', '31', '1', '21', 'PALANAN', 'M', '1st'),
('02', '31', '2', '22', 'QUEZON', 'M', '4th'),
('02', '31', '2', '23', 'QUIRINO', 'M', '4th'),
('02', '31', '4', '24', 'RAMON', 'M', '2nd'),
('02', '31', '3', '25', 'REINA MERCEDES', 'M', '4th'),
('02', '31', '2', '26', 'ROXAS', 'M', '1st'),
('02', '31', '4', '27', 'SAN AGUSTIN', 'M', '3rd'),
('02', '31', '3', '28', 'SAN GUILLERMO', 'M', '4th'),
('02', '31', '4', '29', 'SAN ISIDRO', 'M', '5th'),
('02', '31', '2', '30', 'SAN MANUEL', 'M', '4th'),
('02', '31', '2', '31', 'SAN MARIANO', 'M', '1st'),
('02', '31', '3', '32', 'SAN MATEO', 'M', '1st'),
('02', '31', '1', '33', 'SAN PABLO', 'M', '2nd'),
('02', '31', '1', '34', 'SANTA MARIA', 'M', '4th'),
('02', '31', '1', '36', 'SANTO TOMAS', 'M', '4th'),
('02', '31', '1', '37', 'TUMAUINI', 'M', '1st'),
('02', '50', '0', '15', 'ALFONSO CASTANEDA', 'M', '1st'),
('02', '50', '0', '01', 'AMBAGUIO', 'M', '5th'),
('02', '50', '0', '02', 'ARITAO', 'M', '2nd'),
('02', '50', '0', '03', 'BAGABAG', 'M', '2nd'),
('02', '50', '0', '04', 'BAMBANG', 'M', '1st'),
('02', '50', '0', '05', 'BAYOMBONG (Capital)', 'M', '1st'),
('02', '50', '0', '06', 'DIADI', 'M', '4th'),
('02', '50', '0', '07', 'DUPAX DEL NORTE', 'M', '3rd'),
('02', '50', '0', '08', 'DUPAX DEL SUR', 'M', '2nd'),
('02', '50', '0', '09', 'KASIBU', 'M', '3rd'),
('02', '50', '0', '10', 'KAYAPA', 'M', '3rd'),
('02', '50', '0', '11', 'QUEZON', 'M', '4th'),
('02', '50', '0', '12', 'SANTA FE', 'M', '3rd'),
('02', '50', '0', '13', 'SOLANO', 'M', '1st'),
('02', '50', '0', '14', 'VILLAVERDE', 'M', '5th'),
('02', '57', '0', '01', 'AGLIPAY', 'M', '3rd'),
('02', '57', '0', '02', 'CABARROGUIS (Capital)', 'M', '3rd'),
('02', '57', '0', '03', 'DIFFUN', 'M', '2nd'),
('02', '57', '0', '04', 'MADDELA', 'M', '1st'),
('02', '57', '0', '06', 'NAGTIPUNAN', 'M', '1st'),
('02', '57', '0', '05', 'SAGUDAY', 'M', '5th'),
('03', '08', '1', '01', 'ABUCAY', 'M', '3rd'),
('03', '08', '2', '02', 'BAGAC', 'M', '3rd'),
('03', '08', '2', '03', 'CITY OF BALANGA (Capital)', 'CC', '4th'),
('03', '08', '1', '04', 'DINALUPIHAN', 'M', '1st'),
('03', '08', '1', '05', 'HERMOSA', 'M', '1st'),
('03', '08', '2', '06', 'LIMAY', 'M', '1st'),
('03', '08', '2', '07', 'MARIVELES', 'M', '1st'),
('03', '08', '1', '08', 'MORONG', 'M', '3rd'),
('03', '08', '1', '09', 'ORANI', 'M', '3rd'),
('03', '08', '2', '10', 'ORION', 'M', '2nd'),
('03', '08', '2', '11', 'PILAR', 'M', '3rd'),
('03', '08', '1', '12', 'SAMAL', 'M', '4th'),
('03', '14', '3', '01', 'ANGAT', 'M', '1st'),
('03', '14', '2', '02', 'BALAGTAS (BIGAA)', 'M', '1st'),
('03', '14', '2', '03', 'BALIUAG', 'M', '1st'),
('03', '14', '2', '04', 'BOCAUE', 'M', '1st'),
('03', '14', '1', '05', 'BULACAN', 'M', '1st'),
('03', '14', '2', '06', 'BUSTOS', 'M', '2nd'),
('03', '14', '1', '07', 'CALUMPIT', 'M', '1st'),
('03', '14', '1', '10', 'CITY OF MALOLOS (Capital)', 'CC', '3rd'),
('03', '14', '4', '12', 'CITY OF MEYCAUAYAN', 'CC', '3rd'),
('03', '14', '0', '20', 'CITY OF SAN JOSE DEL MONTE', 'CC', '1st'),
('03', '14', '3', '24', 'DOÑA REMEDIOS TRINIDAD', 'M', '1st'),
('03', '14', '2', '08', 'GUIGUINTO', 'M', '1st'),
('03', '14', '1', '09', 'HAGONOY', 'M', '1st'),
('03', '14', '4', '11', 'MARILAO', 'M', '1st'),
('03', '14', '3', '13', 'NORZAGARAY', 'M', '1st'),
('03', '14', '4', '14', 'OBANDO', 'M', '2nd'),
('03', '14', '2', '15', 'PANDI', 'M', '2nd'),
('03', '14', '1', '16', 'PAOMBONG', 'M', '3rd'),
('03', '14', '2', '17', 'PLARIDEL', 'M', '1st'),
('03', '14', '1', '18', 'PULILAN', 'M', '1st'),
('03', '14', '3', '19', 'SAN ILDEFONSO', 'M', '1st'),
('03', '14', '3', '21', 'SAN MIGUEL', 'M', '1st'),
('03', '14', '3', '22', 'SAN RAFAEL', 'M', '1st'),
('03', '14', '4', '23', 'SANTA MARIA', 'M', '1st'),
('03', '49', '1', '01', 'ALIAGA', 'M', '2nd'),
('03', '49', '3', '02', 'BONGABON', 'M', '2nd'),
('03', '49', '3', '03', 'CITY OF CABANATUAN', 'CC', '1st'),
('03', '49', '4', '04', 'CABIAO', 'M', '1st'),
('03', '49', '2', '05', 'CARRANGLAN', 'M', '1st'),
('03', '49', '4', '08', 'CITY OF GAPAN', 'CC', '4th'),
('03', '49', '1', '06', 'CUYAPO', 'M', '1st'),
('03', '49', '3', '07', 'GABALDON (BITULOK & SABANI)', 'M', '4th'),
('03', '49', '3', '09', 'GENERAL MAMERTO NATIVIDAD', 'M', '3rd'),
('03', '49', '4', '10', 'GENERAL TINIO (PAPAYA)', 'M', '1st'),
('03', '49', '1', '11', 'GUIMBA', 'M', '1st'),
('03', '49', '4', '12', 'JAEN', 'M', '2nd'),
('03', '49', '3', '13', 'LAUR', 'M', '3rd'),
('03', '49', '1', '14', 'LICAB', 'M', '4th'),
('03', '49', '2', '15', 'LLANERA', 'M', '4th'),
('03', '49', '2', '16', 'LUPAO', 'M', '3rd'),
('03', '49', '1', '18', 'NAMPICUAN', 'M', '5th'),
('03', '49', '3', '19', 'CITY OF PALAYAN (Capital)', 'CC', '5th'),
('03', '49', '2', '20', 'PANTABANGAN', 'M', '1st'),
('03', '49', '4', '21', 'PEÑARANDA', 'M', '4th'),
('03', '49', '1', '22', 'QUEZON', 'M', '4th'),
('03', '49', '2', '23', 'RIZAL', 'M', '2nd'),
('03', '49', '4', '24', 'SAN ANTONIO', 'M', '1st'),
('03', '49', '4', '25', 'SAN ISIDRO', 'M', '2nd'),
('03', '49', '2', '26', 'SAN JOSE CITY', 'CC', '3rd'),
('03', '49', '4', '27', 'SAN LEONARDO', 'M', '1st'),
('03', '49', '3', '28', 'SANTA ROSA', 'M', '1st'),
('03', '49', '1', '29', 'SANTO DOMINGO', 'M', '3rd'),
('03', '49', '2', '17', 'SCIENCE CITY OF MUÑOZ', 'CC', '4th'),
('03', '49', '1', '30', 'TALAVERA', 'M', '1st'),
('03', '49', '2', '31', 'TALUGTUG', 'M', '4th'),
('03', '49', '1', '32', 'ZARAGOZA', 'M', '3rd'),
('03', '54', '1', '01', 'CITY OF ANGELES', 'HUC', '1st'),
('03', '54', '4', '02', 'APALIT', 'M', '1st'),
('03', '54', '3', '03', 'ARAYAT', 'M', '1st'),
('03', '54', '3', '04', 'BACOLOR', 'M', '3rd'),
('03', '54', '4', '05', 'CANDABA', 'M', '1st'),
('03', '54', '2', '16', 'CITY OF SAN FERNANDO (Capital)', 'CC', '1st'),
('03', '54', '2', '06', 'FLORIDABLANCA', 'M', '1st'),
('03', '54', '2', '07', 'GUAGUA', 'M', '1st'),
('03', '54', '2', '08', 'LUBAO', 'M', '1st'),
('03', '54', '1', '09', 'MABALACAT CITY', 'CC', '3rd'),
('03', '54', '4', '10', 'MACABEBE', 'M', '1st'),
('03', '54', '1', '11', 'MAGALANG', 'M', '1st'),
('03', '54', '4', '12', 'MASANTOL', 'M', '2nd'),
('03', '54', '3', '13', 'MEXICO', 'M', '1st'),
('03', '54', '4', '14', 'MINALIN', 'M', '4th'),
('03', '54', '2', '15', 'PORAC', 'M', '1st'),
('03', '54', '4', '17', 'SAN LUIS', 'M', '3rd'),
('03', '54', '4', '18', 'SAN SIMON', 'M', '3rd*'),
('03', '54', '3', '19', 'SANTA ANA', 'M', '3rd'),
('03', '54', '2', '20', 'SANTA RITA', 'M', '4th'),
('03', '54', '4', '21', 'SANTO TOMAS', 'M', '4th'),
('03', '54', '2', '22', 'SASMUAN (Sexmoan)', 'M', '4th'),
('03', '69', '1', '01', 'ANAO', 'M', '5th'),
('03', '69', '3', '02', 'BAMBAN', 'M', '2nd'),
('03', '69', '1', '03', 'CAMILING', 'M', '1st'),
('03', '69', '3', '04', 'CAPAS', 'M', '1st'),
('03', '69', '2', '16', 'CITY OF TARLAC (Capital)', 'CC', '1st'),
('03', '69', '3', '05', 'CONCEPCION', 'M', '1st'),
('03', '69', '2', '06', 'GERONA', 'M', '1st'),
('03', '69', '3', '07', 'LA PAZ', 'M', '2nd'),
('03', '69', '1', '08', 'MAYANTOC', 'M', '3rd'),
('03', '69', '1', '09', 'MONCADA', 'M', '1st'),
('03', '69', '1', '10', 'PANIQUI', 'M', '1st'),
('03', '69', '1', '11', 'PURA', 'M', '4th'),
('03', '69', '1', '12', 'RAMOS', 'M', '5th'),
('03', '69', '1', '13', 'SAN CLEMENTE', 'M', '5th'),
('03', '69', '2', '18', 'SAN JOSE', 'M', '3rd'),
('03', '69', '1', '14', 'SAN MANUEL', 'M', '4th'),
('03', '69', '1', '15', 'SANTA IGNACIA', 'M', '2nd'),
('03', '69', '2', '17', 'VICTORIA', 'M', '2nd'),
('03', '71', '2', '01', 'BOTOLAN', 'M', '1st'),
('03', '71', '2', '02', 'CABANGAN', 'M', '4th'),
('03', '71', '2', '03', 'CANDELARIA', 'M', '3rd'),
('03', '71', '1', '04', 'CASTILLEJOS', 'M', '3rd'),
('03', '71', '2', '05', 'IBA (Capital)', 'M', '2nd'),
('03', '71', '2', '06', 'MASINLOC', 'M', '1st'),
('03', '71', '1', '07', 'CITY OF OLONGAPO', 'HUC', '1st'),
('03', '71', '2', '08', 'PALAUIG', 'M', '3rd'),
('03', '71', '2', '09', 'SAN ANTONIO', 'M', '2nd'),
('03', '71', '2', '10', 'SAN FELIPE', 'M', '4th'),
('03', '71', '1', '11', 'SAN MARCELINO', 'M', '1st'),
('03', '71', '2', '12', 'SAN NARCISO', 'M', '4th'),
('03', '71', '2', '13', 'SANTA CRUZ', 'M', '1st'),
('03', '71', '1', '14', 'SUBIC', 'M', '1st'),
('03', '77', '0', '01', 'BALER (Capital)', 'M', '3rd'),
('03', '77', '0', '02', 'CASIGURAN', 'M', '2nd'),
('03', '77', '0', '03', 'DILASAG', 'M', '3rd'),
('03', '77', '0', '04', 'DINALUNGAN', 'M', '4th'),
('03', '77', '0', '05', 'DINGALAN', 'M', '3rd'),
('03', '77', '0', '06', 'DIPACULAO', 'M', '3rd'),
('03', '77', '0', '07', 'MARIA AURORA', 'M', '2nd'),
('03', '77', '0', '08', 'SAN LUIS', 'M', '2nd'),
('04', '10', '3', '01', 'AGONCILLO', 'M', '4th'),
('04', '10', '3', '02', 'ALITAGTAG', 'M', '4th'),
('04', '10', '1', '03', 'BALAYAN', 'M', '1st'),
('04', '10', '3', '04', 'BALETE', 'M', '5th'),
('04', '10', '2', '05', 'BATANGAS CITY (Capital)', 'CC', '1st'),
('04', '10', '2', '06', 'BAUAN', 'M', '1st'),
('04', '10', '1', '07', 'CALACA', 'M', '1st'),
('04', '10', '1', '08', 'CALATAGAN', 'M', '2nd'),
('04', '10', '3', '31', 'CITY OF TANAUAN', 'CC', '2nd'),
('04', '10', '3', '09', 'CUENCA', 'M', '4th'),
('04', '10', '4', '10', 'IBAAN', 'M', '2nd'),
('04', '10', '3', '11', 'LAUREL', 'M', '3rd'),
('04', '10', '1', '12', 'LEMERY', 'M', '1st'),
('04', '10', '1', '13', 'LIAN', 'M', '3rd'),
('04', '10', '4', '14', 'CITY OF LIPA', 'CC', '1st'),
('04', '10', '2', '15', 'LOBO', 'M', '3rd'),
('04', '10', '2', '16', 'MABINI', 'M', '1st'),
('04', '10', '3', '17', 'MALVAR', 'M', '2nd'),
('04', '10', '3', '18', 'MATAASNAKAHOY', 'M', '4th'),
('04', '10', '1', '19', 'NASUGBU', 'M', '1st'),
('04', '10', '4', '20', 'PADRE GARCIA', 'M', '2nd'),
('04', '10', '4', '21', 'ROSARIO', 'M', '1st'),
('04', '10', '4', '22', 'SAN JOSE', 'M', '1st'),
('04', '10', '4', '23', 'SAN JUAN', 'M', '1st'),
('04', '10', '2', '24', 'SAN LUIS', 'M', '4th'),
('04', '10', '3', '25', 'SAN NICOLAS', 'M', '5th'),
('04', '10', '2', '26', 'SAN PASCUAL', 'M', '1st'),
('04', '10', '3', '27', 'SANTA TERESITA', 'M', '5th'),
('04', '10', '3', '28', 'SANTO TOMAS', 'M', '1st'),
('04', '10', '1', '29', 'TAAL', 'M', '3rd'),
('04', '10', '4', '30', 'TALISAY', 'M', '3rd'),
('04', '10', '4', '32', 'TAYSAN', 'M', '2nd'),
('04', '10', '2', '33', 'TINGLOY', 'M', '5th'),
('04', '10', '1', '34', 'TUY', 'M', '3rd'),
('04', '21', '7', '01', 'ALFONSO', 'M', '1st'),
('04', '21', '6', '02', 'AMADEO', 'M', '4th'),
('04', '21', '2', '03', 'CITY OF BACOOR', 'CC', '1st (as Mun)'),
('04', '21', '5', '04', 'CARMONA', 'M', '1st'),
('04', '21', '1', '05', 'CITY OF CAVITE', 'CC', '4th'),
('04', '21', '4', '06', 'CITY OF DASMARIÑAS', 'CC', '1st (as Mun)'),
('04', '21', '5', '23', 'GEN. MARIANO ALVAREZ', 'M', '1st'),
('04', '21', '7', '07', 'GENERAL EMILIO AGUINALDO', 'M', '5th'),
('04', '21', '6', '08', 'CITY OF GENERAL TRIAS', 'CC', '1st (as Mun)'),
('04', '21', '3', '09', 'CITY OF IMUS', 'CC', '3rd'),
('04', '21', '7', '10', 'INDANG', 'M', '1st'),
('04', '21', '1', '11', 'KAWIT', 'M', '1st'),
('04', '21', '7', '12', 'MAGALLANES', 'M', '4th'),
('04', '21', '7', '13', 'MARAGONDON', 'M', '3rd'),
('04', '21', '7', '14', 'MENDEZ (MENDEZ-NUÑEZ)', 'M', '4th'),
('04', '21', '7', '15', 'NAIC', 'M', '1st'),
('04', '21', '1', '16', 'NOVELETA', 'M', '3rd'),
('04', '21', '1', '17', 'ROSARIO', 'M', '1st'),
('04', '21', '5', '18', 'SILANG', 'M', '1st'),
('04', '21', '7', '19', 'CITY OF TAGAYTAY', 'CC', '2nd'),
('04', '21', '6', '20', 'TANZA', 'M', '1st'),
('04', '21', '7', '21', 'TERNATE', 'M', '4th'),
('04', '21', '6', '22', 'CITY OF TRECE MARTIRES (Capital)', 'CC', '4th'),
('04', '34', '3', '01', 'ALAMINOS', 'M', '3rd'),
('04', '34', '2', '02', 'BAY', 'M', '2nd'),
('04', '34', '2', '04', 'CITY OF CABUYAO', 'CC', '1st (as Mun)'),
('04', '34', '3', '06', 'CALAUAN', 'M', '2nd'),
('04', '34', '4', '07', 'CAVINTI', 'M', '3rd'),
('04', '34', '1', '03', 'CITY OF BIÑAN', 'CC', '1st (as Mun)'),
('04', '34', '2', '05', 'CITY OF CALAMBA', 'CC', '1st'),
('04', '34', '1', '25', 'CITY OF SAN PEDRO', 'CC', '3rd'),
('04', '34', '1', '28', 'CITY OF SANTA ROSA', 'CC', '1st'),
('04', '34', '4', '08', 'FAMY', 'M', '5th'),
('04', '34', '4', '09', 'KALAYAAN', 'M', '3rd'),
('04', '34', '3', '10', 'LILIW', 'M', '4th'),
('04', '34', '2', '11', 'LOS BAÑOS', 'M', '1st'),
('04', '34', '4', '12', 'LUISIANA', 'M', '4th'),
('04', '34', '4', '13', 'LUMBAN', 'M', '3rd'),
('04', '34', '4', '14', 'MABITAC', 'M', '5th'),
('04', '34', '4', '15', 'MAGDALENA', 'M', '4th'),
('04', '34', '4', '16', 'MAJAYJAY', 'M', '4th'),
('04', '34', '3', '17', 'NAGCARLAN', 'M', '2nd'),
('04', '34', '4', '18', 'PAETE', 'M', '4th'),
('04', '34', '4', '19', 'PAGSANJAN', 'M', '3rd'),
('04', '34', '4', '20', 'PAKIL', 'M', '5th'),
('04', '34', '4', '21', 'PANGIL', 'M', '4th'),
('04', '34', '4', '22', 'PILA', 'M', '3rd'),
('04', '34', '3', '23', 'RIZAL', 'M', '5th'),
('04', '34', '3', '24', 'CITY OF SAN PABLO', 'CC', '1st'),
('04', '34', '4', '26', 'SANTA CRUZ (Capital)', 'M', '1st'),
('04', '34', '4', '27', 'SANTA MARIA', 'M', '4th'),
('04', '34', '4', '29', 'SINILOAN', 'M', '2nd'),
('04', '34', '3', '30', 'VICTORIA', 'M', '4th'),
('04', '56', '3', '01', 'AGDANGAN', 'M', '5th'),
('04', '56', '4', '02', 'ALABAT', 'M', '5th'),
('04', '56', '4', '03', 'ATIMONAN', 'M', '1st'),
('04', '56', '3', '05', 'BUENAVISTA', 'M', '4th'),
('04', '56', '1', '06', 'BURDEOS', 'M', '4th'),
('04', '56', '4', '07', 'CALAUAG', 'M', '1st'),
('04', '56', '2', '08', 'CANDELARIA', 'M', '1st'),
('04', '56', '3', '10', 'CATANAUAN', 'M', '1st'),
('04', '56', '1', '47', 'CITY OF TAYABAS', 'CC', '6th'),
('04', '56', '2', '15', 'DOLORES', 'M', '4th'),
('04', '56', '3', '16', 'GENERAL LUNA', 'M', '4th'),
('04', '56', '1', '17', 'GENERAL NAKAR', 'M', '1st'),
('04', '56', '4', '18', 'GUINAYANGAN', 'M', '3rd'),
('04', '56', '4', '19', 'GUMACA', 'M', '1st'),
('04', '56', '1', '20', 'INFANTA', 'M', '1st'),
('04', '56', '1', '21', 'JOMALIG', 'M', '5th'),
('04', '56', '4', '22', 'LOPEZ', 'M', '1st'),
('04', '56', '1', '23', 'LUCBAN', 'M', '2nd'),
('04', '56', '2', '24', 'CITY OF LUCENA (Capital)', 'HUC', '2nd'),
('04', '56', '3', '25', 'MACALELON', 'M', '4th'),
('04', '56', '1', '27', 'MAUBAN', 'M', '1st'),
('04', '56', '3', '28', 'MULANAY', 'M', '1st'),
('04', '56', '3', '29', 'PADRE BURGOS', 'M', '4th'),
('04', '56', '1', '30', 'PAGBILAO', 'M', '1st'),
('04', '56', '1', '31', 'PANUKULAN', 'M', '4th'),
('04', '56', '1', '32', 'PATNANUNGAN', 'M', '5th'),
('04', '56', '4', '33', 'PEREZ', 'M', '5th'),
('04', '56', '3', '34', 'PITOGO', 'M', '4th'),
('04', '56', '4', '35', 'PLARIDEL', 'M', '5th'),
('04', '56', '1', '36', 'POLILLO', 'M', '3rd'),
('04', '56', '4', '37', 'QUEZON', 'M', '5th'),
('04', '56', '1', '38', 'REAL', 'M', '1st'),
('04', '56', '1', '39', 'SAMPALOC', 'M', '5th'),
('04', '56', '3', '40', 'SAN ANDRES', 'M', '4th'),
('04', '56', '2', '41', 'SAN ANTONIO', 'M', '4th'),
('04', '56', '3', '42', 'SAN FRANCISCO (AURORA)', 'M', '2nd'),
('04', '56', '3', '44', 'SAN NARCISO', 'M', '3rd'),
('04', '56', '2', '45', 'SARIAYA', 'M', '1st'),
('04', '56', '4', '46', 'TAGKAWAYAN', 'M', '1st'),
('04', '56', '2', '48', 'TIAONG', 'M', '1st'),
('04', '56', '3', '49', 'UNISAN', 'M', '4th'),
('04', '58', '1', '01', 'ANGONO', 'M', '1st'),
('04', '58', '2', '03', 'BARAS', 'M', '4th'),
('04', '58', '1', '04', 'BINANGONAN', 'M', '1st'),
('04', '58', '1', '05', 'CAINTA', 'M', '1st'),
('04', '58', '2', '06', 'CARDONA', 'M', '3rd'),
('04', '58', '', '02', 'CITY OF ANTIPOLO (Capital)', 'CC', '1st'),
('04', '58', '2', '07', 'JALA-JALA', 'M', '4th'),
('04', '58', '2', '09', 'MORONG', 'M', '2nd'),
('04', '58', '2', '10', 'PILILLA', 'M', '1st'),
('04', '58', '2', '08', 'RODRIGUEZ (MONTALBAN)', 'M', '1st'),
('04', '58', '2', '11', 'SAN MATEO', 'M', '1st'),
('04', '58', '2', '12', 'TANAY', 'M', '1st'),
('04', '58', '1', '13', 'TAYTAY', 'M', '1st'),
('04', '58', '2', '14', 'TERESA', 'M', '2nd'),
('05', '05', '1', '01', 'BACACAY', 'M', '2nd'),
('05', '05', '2', '02', 'CAMALIG', 'M', '1st'),
('05', '05', '3', '08', 'CITY OF LIGAO', 'CC', '4th'),
('05', '05', '1', '17', 'CITY OF TABACO', 'CC', '4th'),
('05', '05', '2', '03', 'DARAGA (LOCSIN)', 'M', '1st'),
('05', '05', '3', '04', 'GUINOBATAN', 'M', '1st'),
('05', '05', '3', '05', 'JOVELLAR', 'M', '4th'),
('05', '05', '2', '06', 'CITY OF LEGAZPI (Capital)', 'CC', '2nd'),
('05', '05', '3', '07', 'LIBON', 'M', '1st'),
('05', '05', '1', '09', 'MALILIPOT', 'M', '4th'),
('05', '05', '1', '10', 'MALINAO', 'M', '3rd'),
('05', '05', '2', '11', 'MANITO', 'M', '4th'),
('05', '05', '3', '12', 'OAS', 'M', '1st'),
('05', '05', '3', '13', 'PIO DURAN', 'M', '3rd'),
('05', '05', '3', '14', 'POLANGUI', 'M', '1st'),
('05', '05', '2', '15', 'RAPU-RAPU', 'M', '3rd'),
('05', '05', '1', '16', 'SANTO DOMINGO (LIBOG)', 'M', '4th'),
('05', '05', '1', '18', 'TIWI', 'M', '1st'),
('05', '16', '0', '01', 'BASUD', 'M', '3rd'),
('05', '16', '0', '02', 'CAPALONGA', 'M', '3rd'),
('05', '16', '0', '03', 'DAET (Capital)', 'M', '1st'),
('05', '16', '0', '05', 'JOSE PANGANIBAN', 'M', '2nd'),
('05', '16', '0', '06', 'LABO', 'M', '1st'),
('05', '16', '0', '07', 'MERCEDES', 'M', '2nd'),
('05', '16', '0', '08', 'PARACALE', 'M', '3rd'),
('05', '16', '0', '04', 'SAN LORENZO RUIZ (IMELDA)', 'M', '5th'),
('05', '16', '0', '09', 'SAN VICENTE', 'M', '5th'),
('05', '16', '0', '10', 'SANTA ELENA', 'M', '3rd'),
('05', '16', '0', '11', 'TALISAY', 'M', '4th'),
('05', '16', '0', '12', 'VINZONS', 'M', '3rd'),
('05', '17', '4', '01', 'BAAO', 'M', '3rd'),
('05', '17', '4', '02', 'BALATAN', 'M', '4th'),
('05', '17', '4', '03', 'BATO', 'M', '3rd'),
('05', '17', '2', '04', 'BOMBON', 'M', '5th'),
('05', '17', '4', '05', 'BUHI', 'M', '1st'),
('05', '17', '4', '06', 'BULA', 'M', '2nd'),
('05', '17', '1', '07', 'CABUSAO', 'M', '5th'),
('05', '17', '2', '08', 'CALABANGA', 'M', '1st'),
('05', '17', '2', '09', 'CAMALIGAN', 'M', '5th'),
('05', '17', '2', '10', 'CANAMAN', 'M', '4th'),
('05', '17', '3', '11', 'CARAMOAN', 'M', '2nd'),
('05', '17', '1', '12', 'DEL GALLEGO', 'M', '4th'),
('05', '17', '2', '13', 'GAINZA', 'M', '5th'),
('05', '17', '3', '14', 'GARCHITORENA', 'M', '4th'),
('05', '17', '3', '15', 'GOA', 'M', '2nd'),
('05', '17', '4', '16', 'CITY OF IRIGA', 'CC', '4th'),
('05', '17', '3', '17', 'LAGONOY', 'M', '2nd'),
('05', '17', '1', '18', 'LIBMANAN', 'M', '1st'),
('05', '17', '1', '19', 'LUPI', 'M', '3rd'),
('05', '17', '2', '20', 'MAGARAO', 'M', '4th'),
('05', '17', '2', '21', 'MILAOR', 'M', '4th'),
('05', '17', '1', '22', 'MINALABAC', 'M', '3rd'),
('05', '17', '4', '23', 'NABUA', 'M', '1st'),
('05', '17', '2', '24', 'CITY OF NAGA', 'ICC', '2nd'),
('05', '17', '2', '25', 'OCAMPO', 'M', '3rd'),
('05', '17', '1', '26', 'PAMPLONA', 'M', '4th'),
('05', '17', '1', '27', 'PASACAO', 'M', '3rd'),
('05', '17', '2', '28', 'PILI (Capital)', 'M', '1st'),
('05', '17', '3', '29', 'PRESENTACION (PARUBCAN)', 'M', '4th'),
('05', '17', '1', '30', 'RAGAY', 'M', '1st'),
('05', '17', '3', '31', 'SAGÑAY', 'M', '4th'),
('05', '17', '1', '32', 'SAN FERNANDO', 'M', '4th'),
('05', '17', '3', '33', 'SAN JOSE', 'M', '4th'),
('05', '17', '1', '34', 'SIPOCOT', 'M', '1st'),
('05', '17', '3', '35', 'SIRUMA', 'M', '4th'),
('05', '17', '3', '36', 'TIGAON', 'M', '3rd'),
('05', '17', '3', '37', 'TINAMBAC', 'M', '1st'),
('05', '20', '0', '01', 'BAGAMANOC', 'M', '5th'),
('05', '20', '0', '02', 'BARAS', 'M', '5th'),
('05', '20', '0', '03', 'BATO', 'M', '5th'),
('05', '20', '0', '04', 'CARAMORAN', 'M', '3rd'),
('05', '20', '0', '05', 'GIGMOTO', 'M', '5th'),
('05', '20', '0', '06', 'PANDAN', 'M', '4th'),
('05', '20', '0', '07', 'PANGANIBAN (PAYO)', 'M', '5th'),
('05', '20', '0', '08', 'SAN ANDRES (CALOLBON)', 'M', '3rd'),
('05', '20', '0', '09', 'SAN MIGUEL', 'M', '5th'),
('05', '20', '0', '10', 'VIGA', 'M', '4th'),
('05', '20', '0', '11', 'VIRAC (Capital)', 'M', '1st'),
('05', '41', '2', '01', 'AROROY', 'M', '1st'),
('05', '41', '2', '02', 'BALENO', 'M', '4th'),
('05', '41', '2', '03', 'BALUD', 'M', '4th*'),
('05', '41', '1', '04', 'BATUAN', 'M', '5th'),
('05', '41', '3', '05', 'CATAINGAN', 'M', '2nd'),
('05', '41', '3', '06', 'CAWAYAN', 'M', '2nd'),
('05', '41', '2', '11', 'CITY OF MASBATE (Capital)', 'CC', '4th'),
('05', '41', '1', '07', 'CLAVERIA', 'M', '3rd'),
('05', '41', '3', '08', 'DIMASALANG', 'M', '4th'),
('05', '41', '3', '09', 'ESPERANZA', 'M', '5th'),
('05', '41', '2', '10', 'MANDAON', 'M', '3rd'),
('05', '41', '2', '12', 'MILAGROS', 'M', '1st'),
('05', '41', '2', '13', 'MOBO', 'M', '4th'),
('05', '41', '1', '14', 'MONREAL', 'M', '4th'),
('05', '41', '3', '15', 'PALANAS', 'M', '4th'),
('05', '41', '3', '16', 'PIO V. CORPUZ (LIMBUHAN)', 'M', '4th'),
('05', '41', '3', '17', 'PLACER', 'M', '2nd'),
('05', '41', '1', '18', 'SAN FERNANDO', 'M', '5th*'),
('05', '41', '1', '19', 'SAN JACINTO', 'M', '4th'),
('05', '41', '1', '20', 'SAN PASCUAL', 'M', '3rd'),
('05', '41', '3', '21', 'USON', 'M', '3rd'),
('05', '62', '2', '02', 'BARCELONA', 'M', '5th'),
('05', '62', '2', '03', 'BULAN', 'M', '1st'),
('05', '62', '2', '04', 'BULUSAN', 'M', '4th'),
('05', '62', '1', '05', 'CASIGURAN', 'M', '4th'),
('05', '62', '1', '06', 'CASTILLA', 'M', '3rd'),
('05', '62', '1', '16', 'CITY OF SORSOGON (Capital)', 'CC', '3rd'),
('05', '62', '1', '07', 'DONSOL', 'M', '3rd'),
('05', '62', '2', '08', 'GUBAT', 'M', '2nd'),
('05', '62', '2', '09', 'IROSIN', 'M', '2nd'),
('05', '62', '2', '10', 'JUBAN', 'M', '4th'),
('05', '62', '1', '11', 'MAGALLANES', 'M', '3rd'),
('05', '62', '2', '12', 'MATNOG', 'M', '3rd'),
('05', '62', '1', '13', 'PILAR', 'M', '1st'),
('05', '62', '2', '14', 'PRIETO DIAZ', 'M', '5th'),
('05', '62', '2', '15', 'SANTA MAGDALENA', 'M', '5th'),
('06', '04', '0', '01', 'ALTAVAS', 'M', '4th'),
('06', '04', '0', '02', 'BALETE', 'M', '4th'),
('06', '04', '0', '03', 'BANGA', 'M', '3rd'),
('06', '04', '0', '04', 'BATAN', 'M', '4th'),
('06', '04', '0', '05', 'BURUANGA', 'M', '5th'),
('06', '04', '0', '06', 'IBAJAY', 'M', '3rd'),
('06', '04', '0', '07', 'KALIBO (Capital)', 'M', '1st'),
('06', '04', '0', '08', 'LEZO', 'M', '5th'),
('06', '04', '0', '09', 'LIBACAO', 'M', '3rd'),
('06', '04', '0', '10', 'MADALAG', 'M', '4th'),
('06', '04', '0', '11', 'MAKATO', 'M', '4th'),
('06', '04', '0', '12', 'MALAY', 'M', '1st'),
('06', '04', '0', '13', 'MALINAO', 'M', '4th'),
('06', '04', '0', '14', 'NABAS', 'M', '4th'),
('06', '04', '0', '15', 'NEW WASHINGTON', 'M', '3rd'),
('06', '04', '0', '16', 'NUMANCIA', 'M', '4th'),
('06', '04', '0', '17', 'TANGALAN', 'M', '5th'),
('06', '06', '0', '01', 'ANINI-Y', 'M', '4th'),
('06', '06', '0', '02', 'BARBAZA', 'M', '4th'),
('06', '06', '0', '03', 'BELISON', 'M', '5th'),
('06', '06', '0', '04', 'BUGASONG', 'M', '3rd'),
('06', '06', '0', '05', 'CALUYA', 'M', '1st'),
('06', '06', '0', '06', 'CULASI', 'M', '3rd'),
('06', '06', '0', '08', 'HAMTIC', 'M', '3rd'),
('06', '06', '0', '09', 'LAUA-AN', 'M', '4th'),
('06', '06', '0', '10', 'LIBERTAD', 'M', '5th'),
('06', '06', '0', '11', 'PANDAN', 'M', '4th'),
('06', '06', '0', '12', 'PATNONGON', 'M', '3rd'),
('06', '06', '0', '13', 'SAN JOSE (Capital)', 'M', '1st'),
('06', '06', '0', '14', 'SAN REMIGIO', 'M', '3rd'),
('06', '06', '0', '15', 'SEBASTE', 'M', '4th'),
('06', '06', '0', '16', 'SIBALOM', 'M', '2nd'),
('06', '06', '0', '17', 'TIBIAO', 'M', '4th'),
('06', '06', '0', '07', 'TOBIAS FORNIER (DAO)', 'M', '4th'),
('06', '06', '0', '18', 'VALDERRAMA', 'M', '4th'),
('06', '19', '2', '01', 'CUARTERO', 'M', '4th'),
('06', '19', '2', '02', 'DAO', 'M', '4th'),
('06', '19', '2', '03', 'DUMALAG', 'M', '4th'),
('06', '19', '2', '04', 'DUMARAO', 'M', '2nd'),
('06', '19', '2', '05', 'IVISAN', 'M', '4th'),
('06', '19', '2', '06', 'JAMINDAN', 'M', '2nd'),
('06', '19', '1', '07', 'MA-AYON', 'M', '3rd'),
('06', '19', '2', '08', 'MAMBUSAO', 'M', '3rd'),
('06', '19', '1', '09', 'PANAY', 'M', '3rd'),
('06', '19', '1', '10', 'PANITAN', 'M', '3rd'),
('06', '19', '1', '11', 'PILAR', 'M', '3rd'),
('06', '19', '1', '12', 'PONTEVEDRA', 'M', '3rd'),
('06', '19', '1', '13', 'PRESIDENT ROXAS', 'M', '4th'),
('06', '19', '1', '14', 'CITY OF ROXAS (Capital)', 'CC', '3rd'),
('06', '19', '2', '15', 'SAPI-AN', 'M', '4th'),
('06', '19', '2', '16', 'SIGMA', 'M', '4th'),
('06', '19', '2', '17', 'TAPAZ', 'M', '1st'),
('06', '30', '5', '01', 'AJUY', 'M', '2nd'),
('06', '30', '2', '02', 'ALIMODIAN', 'M', '3rd'),
('06', '30', '4', '03', 'ANILAO', 'M', '4th'),
('06', '30', '3', '04', 'BADIANGAN', 'M', '4th'),
('06', '30', '5', '05', 'BALASAN', 'M', '4th'),
('06', '30', '4', '06', 'BANATE', 'M', '4th'),
('06', '30', '4', '07', 'BAROTAC NUEVO', 'M', '2nd'),
('06', '30', '5', '08', 'BAROTAC VIEJO', 'M', '3rd'),
('06', '30', '5', '09', 'BATAD', 'M', '5th'),
('06', '30', '3', '10', 'BINGAWAN', 'M', '5th'),
('06', '30', '3', '12', 'CABATUAN', 'M', '2nd'),
('06', '30', '3', '13', 'CALINOG', 'M', '1st'),
('06', '30', '5', '14', 'CARLES', 'M', '2nd'),
('06', '30', '4', '35', 'CITY OF PASSI', 'CC', '4th'),
('06', '30', '5', '15', 'CONCEPCION', 'M', '3rd'),
('06', '30', '4', '16', 'DINGLE', 'M', '3rd'),
('06', '30', '4', '17', 'DUEÑAS', 'M', '4th'),
('06', '30', '4', '18', 'DUMANGAS', 'M', '1st'),
('06', '30', '5', '19', 'ESTANCIA', 'M', '2nd'),
('06', '30', '1', '20', 'GUIMBAL', 'M', '4th'),
('06', '30', '1', '21', 'IGBARAS', 'M', '3rd'),
('06', '30', '0', '22', 'CITY OF ILOILO (Capital)', 'HUC', '1st'),
('06', '30', '3', '23', 'JANIUAY', 'M', '1st'),
('06', '30', '3', '25', 'LAMBUNAO', 'M', '1st'),
('06', '30', '2', '26', 'LEGANES', 'M', '4th'),
('06', '30', '5', '27', 'LEMERY', 'M', '4th'),
('06', '30', '2', '28', 'LEON', 'M', '2nd'),
('06', '30', '3', '29', 'MAASIN', 'M', '3rd'),
('06', '30', '1', '30', 'MIAGAO', 'M', '1st'),
('06', '30', '3', '31', 'MINA', 'M', '5th'),
('06', '30', '2', '32', 'NEW LUCENA', 'M', '4th'),
('06', '30', '1', '34', 'OTON', 'M', '1st'),
('06', '30', '2', '36', 'PAVIA', 'M', '2nd'),
('06', '30', '3', '37', 'POTOTAN', 'M', '1st'),
('06', '30', '5', '38', 'SAN DIONISIO', 'M', '4th'),
('06', '30', '4', '39', 'SAN ENRIQUE', 'M', '3rd'),
('06', '30', '1', '40', 'SAN JOAQUIN', 'M', '2nd'),
('06', '30', '2', '41', 'SAN MIGUEL', 'M', '4th'),
('06', '30', '5', '42', 'SAN RAFAEL', 'M', '5th'),
('06', '30', '2', '43', 'SANTA BARBARA', 'M', '2nd'),
('06', '30', '5', '44', 'SARA', 'M', '2nd'),
('06', '30', '1', '45', 'TIGBAUAN', 'M', '2nd'),
('06', '30', '1', '46', 'TUBUNGAN', 'M', '4th'),
('06', '30', '2', '47', 'ZARRAGA', 'M', '4th'),
('06', '79', '0', '01', 'BUENAVISTA', 'M', '2nd'),
('06', '79', '0', '02', 'JORDAN (Capital)', 'M', '3rd'),
('06', '79', '0', '03', 'NUEVA VALENCIA', 'M', '3rd'),
('06', '79', '0', '04', 'SAN LORENZO', 'M', '5th'),
('06', '79', '0', '05', 'SIBUNAG', 'M', '4th'),
('07', '12', '1', '01', 'ALBURQUERQUE', 'M', '5th'),
('07', '12', '3', '02', 'ALICIA', 'M', '4th'),
('07', '12', '3', '03', 'ANDA', 'M', '5th'),
('07', '12', '1', '04', 'ANTEQUERA', 'M', '4th'),
('07', '12', '1', '05', 'BACLAYON', 'M', '4th'),
('07', '12', '1', '06', 'BALILIHAN', 'M', '4th'),
('07', '12', '3', '07', 'BATUAN', 'M', '5th'),
('07', '12', '2', '48', 'BIEN UNIDO', 'M', '4th'),
('07', '12', '3', '08', 'BILAR', 'M', '4th'),
('07', '12', '2', '09', 'BUENAVISTA', 'M', '4th'),
('07', '12', '1', '10', 'CALAPE', 'M', '3rd'),
('07', '12', '3', '11', 'CANDIJAY', 'M', '4th'),
('07', '12', '3', '12', 'CARMEN', 'M', '1st'),
('07', '12', '1', '13', 'CATIGBIAN', 'M', '4th'),
('07', '12', '2', '14', 'CLARIN', 'M', '5th'),
('07', '12', '1', '15', 'CORELLA', 'M', '5th'),
('07', '12', '1', '16', 'CORTES', 'M', '5th'),
('07', '12', '2', '17', 'DAGOHOY', 'M', '5th'),
('07', '12', '2', '18', 'DANAO', 'M', '4th*'),
('07', '12', '1', '19', 'DAUIS', 'M', '4th'),
('07', '12', '3', '20', 'DIMIAO', 'M', '4th'),
('07', '12', '3', '21', 'DUERO', 'M', '4th'),
('07', '12', '3', '22', 'GARCIA HERNANDEZ', 'M', '4th'),
('07', '12', '2', '26', 'GETAFE', 'M', '3rd'),
('07', '12', '3', '23', 'GUINDULMAN', 'M', '4th'),
('07', '12', '2', '24', 'INABANGA', 'M', '3rd'),
('07', '12', '3', '25', 'JAGNA', 'M', '3rd'),
('07', '12', '3', '27', 'LILA', 'M', '5th'),
('07', '12', '3', '28', 'LOAY', 'M', '5th'),
('07', '12', '3', '29', 'LOBOC', 'M', '4th'),
('07', '12', '1', '30', 'LOON', 'M', '2nd'),
('07', '12', '3', '31', 'MABINI', 'M', '4th'),
('07', '12', '1', '32', 'MARIBOJOC', 'M', '4th'),
('07', '12', '1', '33', 'PANGLAO', 'M', '4th'),
('07', '12', '3', '34', 'PILAR', 'M', '4th'),
('07', '12', '2', '35', 'PRES. CARLOS P. GARCIA (PITOGO)', 'M', '4th'),
('07', '12', '2', '36', 'SAGBAYAN (BORJA)', 'M', '4th'),
('07', '12', '2', '37', 'SAN ISIDRO', 'M', '5th*'),
('07', '12', '2', '38', 'SAN MIGUEL', 'M', '4th'),
('07', '12', '3', '39', 'SEVILLA', 'M', '5th'),
('07', '12', '3', '40', 'SIERRA BULLONES', 'M', '3rd'),
('07', '12', '1', '41', 'SIKATUNA', 'M', '5th'),
('07', '12', '1', '42', 'CITY OF TAGBILARAN (Capital)', 'CC', '3rd'),
('07', '12', '2', '43', 'TALIBON', 'M', '1st'),
('07', '12', '2', '44', 'TRINIDAD', 'M', '3rd'),
('07', '12', '1', '45', 'TUBIGON', 'M', '1st'),
('07', '12', '2', '46', 'UBAY', 'M', '1st'),
('07', '12', '3', '47', 'VALENCIA', 'M', '4th'),
('07', '22', '2', '01', 'ALCANTARA', 'M', '5th'),
('07', '22', '2', '02', 'ALCOY', 'M', '5th'),
('07', '22', '2', '03', 'ALEGRIA', 'M', '4th'),
('07', '22', '3', '04', 'ALOGUINSAN', 'M', '4th'),
('07', '22', '2', '05', 'ARGAO', 'M', '1st'),
('07', '22', '3', '06', 'ASTURIAS', 'M', '3rd'),
('07', '22', '2', '07', 'BADIAN', 'M', '3rd'),
('07', '22', '3', '08', 'BALAMBAN', 'M', '1st'),
('07', '22', '4', '09', 'BANTAYAN', 'M', '1st'),
('07', '22', '3', '10', 'BARILI', 'M', '2nd'),
('07', '22', '2', '12', 'BOLJOON', 'M', '5th'),
('07', '22', '5', '13', 'BORBON', 'M', '4th*'),
('07', '22', '5', '15', 'CARMEN', 'M', '3rd'),
('07', '22', '5', '16', 'CATMON', 'M', '4th'),
('07', '22', '', '17', 'CITY OF CEBU (Capital)', 'HUC', '1st'),
('07', '22', '4', '11', 'CITY OF BOGO', 'CC', '6th'),
('07', '22', '1', '14', 'CITY OF CARCAR', 'CC', '5th'),
('07', '22', '1', '34', 'CITY OF NAGA', 'CC', '5th'),
('07', '22', '1', '50', 'CITY OF TALISAY', 'CC', '3rd'),
('07', '22', '5', '18', 'COMPOSTELA', 'M', '3rd'),
('07', '22', '6', '19', 'CONSOLACION', 'M', '1st'),
('07', '22', '6', '20', 'CORDOVA', 'M', '3rd'),
('07', '22', '4', '21', 'DAANBANTAYAN', 'M', '1st'),
('07', '22', '2', '22', 'DALAGUETE', 'M', '1st'),
('07', '22', '5', '23', 'DANAO CITY', 'CC', '3rd'),
('07', '22', '2', '24', 'DUMANJUG', 'M', '3rd'),
('07', '22', '2', '25', 'GINATILAN', 'M', '5th'),
('07', '22', '0', '26', 'CITY OF LAPU-LAPU (OPON)', 'HUC', '1st'),
('07', '22', '5', '27', 'LILOAN', 'M', '1st'),
('07', '22', '4', '28', 'MADRIDEJOS', 'M', '4th'),
('07', '22', '2', '29', 'MALABUYOC', 'M', '5th'),
('07', '22', '6', '30', 'CITY OF MANDAUE', 'HUC', '1st'),
('07', '22', '4', '31', 'MEDELLIN', 'M', '2nd'),
('07', '22', '1', '32', 'MINGLANILLA', 'M', '1st'),
('07', '22', '2', '33', 'MOALBOAL', 'M', '4th'),
('07', '22', '2', '35', 'OSLOB', 'M', '4th'),
('07', '22', '5', '36', 'PILAR', 'M', '5th'),
('07', '22', '3', '37', 'PINAMUNGAHAN', 'M', '2nd'),
('07', '22', '5', '38', 'PORO', 'M', '4th'),
('07', '22', '2', '39', 'RONDA', 'M', '5th*'),
('07', '22', '2', '40', 'SAMBOAN', 'M', '5th'),
('07', '22', '1', '41', 'SAN FERNANDO', 'M', '2nd'),
('07', '22', '5', '42', 'SAN FRANCISCO', 'M', '3rd'),
('07', '22', '4', '43', 'SAN REMIGIO', 'M', '3rd'),
('07', '22', '4', '44', 'SANTA FE', 'M', '4th'),
('07', '22', '2', '45', 'SANTANDER', 'M', '4th'),
('07', '22', '1', '46', 'SIBONGA', 'M', '3rd'),
('07', '22', '5', '47', 'SOGOD', 'M', '4th*'),
('07', '22', '4', '48', 'TABOGON', 'M', '3rd'),
('07', '22', '4', '49', 'TABUELAN', 'M', '4th'),
('07', '22', '3', '51', 'CITY OF TOLEDO', 'CC', '3rd'),
('07', '22', '3', '52', 'TUBURAN', 'M', '2nd'),
('07', '22', '5', '53', 'TUDELA', 'M', '5th'),
('07', '61', '0', '01', 'ENRIQUE VILLANUEVA', 'M', '5th'),
('07', '61', '0', '02', 'LARENA', 'M', '5th'),
('07', '61', '0', '03', 'LAZI', 'M', '4th'),
('07', '61', '0', '04', 'MARIA', 'M', '5th'),
('07', '61', '0', '05', 'SAN JUAN', 'M', '5th'),
('07', '61', '0', '06', 'SIQUIJOR (Capital)', 'M', '4th'),
('08', '26', '0', '01', 'ARTECHE', 'M', '3rd'),
('08', '26', '0', '02', 'BALANGIGA', 'M', '4th'),
('08', '26', '0', '03', 'BALANGKAYAN', 'M', '5th'),
('08', '26', '0', '05', 'CAN-AVID', 'M', '4th'),
('08', '26', '0', '04', 'CITY OF BORONGAN (Capital)', 'CC', '1st (as Mun)'),
('08', '26', '0', '06', 'DOLORES', 'M', '3rd*'),
('08', '26', '0', '07', 'GENERAL MACARTHUR', 'M', '5th*'),
('08', '26', '0', '08', 'GIPORLOS', 'M', '5th*'),
('08', '26', '0', '09', 'GUIUAN', 'M', '2nd'),
('08', '26', '0', '10', 'HERNANI', 'M', '5th'),
('08', '26', '0', '11', 'JIPAPAD', 'M', '5th'),
('08', '26', '0', '12', 'LAWAAN', 'M', '5th*'),
('08', '26', '0', '13', 'LLORENTE', 'M', '3rd'),
('08', '26', '0', '14', 'MASLOG', 'M', '5th*'),
('08', '26', '0', '15', 'MAYDOLONG', 'M', '4th*'),
('08', '26', '0', '16', 'MERCEDES', 'M', '5th*'),
('08', '26', '0', '17', 'ORAS', 'M', '3rd'),
('08', '26', '0', '18', 'QUINAPONDAN', 'M', '5th'),
('08', '26', '0', '19', 'SALCEDO', 'M', '5th*'),
('08', '26', '0', '20', 'SAN JULIAN', 'M', '5th'),
('08', '26', '0', '21', 'SAN POLICARPO', 'M', '5th*'),
('08', '26', '0', '22', 'SULAT', 'M', '4th'),
('08', '26', '0', '23', 'TAFT', 'M', '4th'),
('08', '37', '5', '01', 'ABUYOG', 'M', '1st*'),
('08', '37', '1', '02', 'ALANGALANG', 'M', '2nd'),
('08', '37', '4', '03', 'ALBUERA', 'M', '3rd*'),
('08', '37', '1', '05', 'BABATNGON', 'M', '4th*'),
('08', '37', '2', '06', 'BARUGO', 'M', '4th'),
('08', '37', '5', '07', 'BATO', 'M', '4th*'),
('08', '37', '2', '10', 'BURAUEN', 'M', '1st'),
('08', '37', '3', '13', 'CALUBIAN', 'M', '4th'),
('08', '37', '2', '14', 'CAPOOCAN', 'M', '4th'),
('08', '37', '2', '15', 'CARIGARA', 'M', '2nd'),
('08', '37', '5', '08', 'CITY OF BAYBAY', 'CC', '1st (as Mun)'),
('08', '37', '2', '17', 'DAGAMI', 'M', '3rd'),
('08', '37', '2', '18', 'DULAG', 'M', '3rd*'),
('08', '37', '5', '19', 'HILONGOS', 'M', '2nd'),
('08', '37', '5', '20', 'HINDANG', 'M', '5th'),
('08', '37', '5', '21', 'INOPACAN', 'M', '4th'),
('08', '37', '4', '22', 'ISABEL', 'M', '1st'),
('08', '37', '2', '23', 'JARO', 'M', '3rd'),
('08', '37', '5', '24', 'JAVIER (BUGHO)', 'M', '4th*'),
('08', '37', '2', '25', 'JULITA', 'M', '5th'),
('08', '37', '4', '26', 'KANANGA', 'M', '1st'),
('08', '37', '2', '28', 'LA PAZ', 'M', '5th*'),
('08', '37', '3', '29', 'LEYTE', 'M', '4th*'),
('08', '37', '2', '30', 'MACARTHUR', 'M', '5th*'),
('08', '37', '5', '31', 'MAHAPLAG', 'M', '4th'),
('08', '37', '4', '33', 'MATAG-OB', 'M', '4th'),
('08', '37', '5', '34', 'MATALOM', 'M', '3rd'),
('08', '37', '2', '35', 'MAYORGA', 'M', '5th*'),
('08', '37', '4', '36', 'MERIDA', 'M', '5th'),
('08', '37', '4', '38', 'ORMOC CITY', 'ICC', '1st'),
('08', '37', '1', '39', 'PALO', 'M', '3rd'),
('08', '37', '4', '40', 'PALOMPON', 'M', '2nd*'),
('08', '37', '2', '41', 'PASTRANA', 'M', '5th*'),
('08', '37', '3', '42', 'SAN ISIDRO', 'M', '4th*'),
('08', '37', '1', '43', 'SAN MIGUEL', 'M', '4th'),
('08', '37', '1', '44', 'SANTA FE', 'M', '5th*'),
('08', '37', '3', '45', 'TABANGO', 'M', '4th'),
('08', '37', '2', '46', 'TABONTABON', 'M', '5th'),
('08', '37', '1', '47', 'CITY OF TACLOBAN (Capital)', 'HUC', '1st'),
('08', '37', '1', '48', 'TANAUAN', 'M', '2nd'),
('08', '37', '1', '49', 'TOLOSA', 'M', '5th'),
('08', '37', '2', '50', 'TUNGA', 'M', '6th*'),
('08', '37', '3', '51', 'VILLABA', 'M', '3rd'),
('08', '48', '1', '01', 'ALLEN', 'M', '5th'),
('08', '48', '1', '02', 'BIRI', 'M', '5th'),
('08', '48', '1', '03', 'BOBON', 'M', '4th'),
('08', '48', '1', '04', 'CAPUL', 'M', '5th'),
('08', '48', '1', '05', 'CATARMAN (Capital)', 'M', '1st'),
('08', '48', '2', '06', 'CATUBIG', 'M', '3rd'),
('08', '48', '2', '07', 'GAMAY', 'M', '4th'),
('08', '48', '2', '08', 'LAOANG', 'M', '2nd'),
('08', '48', '2', '09', 'LAPINIG', 'M', '5th'),
('08', '48', '2', '10', 'LAS NAVAS', 'M', '3rd'),
('08', '48', '1', '11', 'LAVEZARES', 'M', '4th'),
('08', '48', '1', '24', 'LOPE DE VEGA', 'M', '4th'),
('08', '48', '2', '12', 'MAPANAS', 'M', '5th'),
('08', '48', '1', '13', 'MONDRAGON', 'M', '3rd'),
('08', '48', '2', '14', 'PALAPAG', 'M', '3rd'),
('08', '48', '2', '15', 'PAMBUJAN', 'M', '4th'),
('08', '48', '1', '16', 'ROSARIO', 'M', '5th'),
('08', '48', '1', '17', 'SAN ANTONIO', 'M', '5th'),
('08', '48', '1', '18', 'SAN ISIDRO', 'M', '4th'),
('08', '48', '1', '19', 'SAN JOSE', 'M', '5th'),
('08', '48', '2', '20', 'SAN ROQUE', 'M', '4th'),
('08', '48', '1', '21', 'SAN VICENTE', 'M', '6th'),
('08', '48', '2', '22', 'SILVINO LOBOS', 'M', '4th'),
('08', '48', '1', '23', 'VICTORIA', 'M', '5th'),
('08', '60', '1', '01', 'ALMAGRO', 'M', '5th'),
('08', '60', '2', '02', 'BASEY', 'M', '1st'),
('08', '60', '1', '03', 'CITY OF CALBAYOG', 'CC', '1st'),
('08', '60', '2', '04', 'CALBIGA', 'M', '4th'),
('08', '60', '2', '05', 'CITY OF CATBALOGAN (Capital)', 'CC', '5th'),
('08', '60', '2', '06', 'DARAM', 'M', '3rd'),
('08', '60', '1', '07', 'GANDARA', 'M', '2nd'),
('08', '60', '2', '08', 'HINABANGAN', 'M', '4th*'),
('08', '60', '2', '09', 'JIABONG', 'M', '5th'),
('08', '60', '2', '10', 'MARABUT', 'M', '5th'),
('08', '60', '1', '11', 'MATUGUINAO', 'M', '5th'),
('08', '60', '2', '12', 'MOTIONG', 'M', '4th'),
('08', '60', '1', '26', 'PAGSANGHAN', 'M', '5th'),
('08', '60', '2', '22', 'PARANAS (WRIGHT)', 'M', '2nd'),
('08', '60', '2', '13', 'PINABACDAO', 'M', '4th'),
('08', '60', '1', '25', 'SAN JORGE', 'M', '4th'),
('08', '60', '2', '14', 'SAN JOSE DE BUAN', 'M', '4th'),
('08', '60', '2', '15', 'SAN SEBASTIAN', 'M', '6th'),
('08', '60', '1', '16', 'SANTA MARGARITA', 'M', '4th'),
('08', '60', '2', '17', 'SANTA RITA', 'M', '3rd*'),
('08', '60', '1', '18', 'SANTO NIÑO', 'M', '5th'),
('08', '60', '1', '24', 'TAGAPUL-AN', 'M', '5th*'),
('08', '60', '2', '19', 'TALALORA', 'M', '6th'),
('08', '60', '1', '20', 'TARANGNAN', 'M', '4th'),
('08', '60', '2', '21', 'VILLAREAL', 'M', '4th*'),
('08', '60', '2', '23', 'ZUMARRAGA', 'M', '5th*'),
('08', '64', '0', '01', 'ANAHAWAN', 'M', '5th'),
('08', '64', '0', '02', 'BONTOC', 'M', '4th*'),
('08', '64', '0', '07', 'CITY OF MAASIN (Capital)', 'CC', '4th'),
('08', '64', '0', '03', 'HINUNANGAN', 'M', '3rd'),
('08', '64', '0', '04', 'HINUNDAYAN', 'M', '5th'),
('08', '64', '0', '05', 'LIBAGON', 'M', '5th'),
('08', '64', '0', '06', 'LILOAN', 'M', '4th*'),
('08', '64', '0', '19', 'LIMASAWA', 'M', '6th*'),
('08', '64', '0', '08', 'MACROHON', 'M', '4th'),
('08', '64', '0', '09', 'MALITBOG', 'M', '4th*'),
('08', '64', '0', '10', 'PADRE BURGOS', 'M', '5th*'),
('08', '64', '0', '11', 'PINTUYAN', 'M', '5th*'),
('08', '64', '0', '12', 'SAINT BERNARD', 'M', '4th'),
('08', '64', '0', '13', 'SAN FRANCISCO', 'M', '5th'),
('08', '64', '0', '14', 'SAN JUAN (CABALIAN)', 'M', '5th'),
('08', '64', '0', '15', 'SAN RICARDO', 'M', '5th'),
('08', '64', '0', '16', 'SILAGO', 'M', '4th'),
('08', '64', '0', '17', 'SOGOD', 'M', '2nd'),
('08', '64', '0', '18', 'TOMAS OPPUS', 'M', '5th'),
('08', '78', '0', '01', 'ALMERIA', 'M', '5th'),
('08', '78', '0', '02', 'BILIRAN', 'M', '5th'),
('08', '78', '0', '03', 'CABUCGAYAN', 'M', '5th'),
('08', '78', '0', '04', 'CAIBIRAN', 'M', '5th*'),
('08', '78', '0', '05', 'CULABA', 'M', '5th'),
('08', '78', '0', '06', 'KAWAYAN', 'M', '5th*'),
('08', '78', '0', '07', 'MARIPIPI', 'M', '5th'),
('08', '78', '0', '08', 'NAVAL (Capital)', 'M', '2nd'),
('09', '72', '3', '26', 'BACUNGAN (Leon T. Postigo)', 'M', '4th'),
('09', '72', '3', '24', 'BALIGUIAN', 'M', '3rd'),
('09', '72', '1', '01', 'CITY OF DAPITAN', 'CC', '3rd'),
('09', '72', '2', '02', 'CITY OF DIPOLOG (Capital)', 'CC', '3rd'),
('09', '72', '3', '25', 'GODOD', 'M', '4th'),
('09', '72', '3', '23', 'GUTALAC', 'M', '2nd'),
('09', '72', '2', '22', 'JOSE DALMAN (PONOT)', 'M', '4th'),
('09', '72', '3', '27', 'KALAWIT', 'M', '4th'),
('09', '72', '2', '03', 'KATIPUNAN', 'M', '2nd'),
('09', '72', '1', '04', 'LA LIBERTAD', 'M', '5th'),
('09', '72', '3', '05', 'LABASON', 'M', '3rd'),
('09', '72', '3', '06', 'LILOY', 'M', '3rd'),
('09', '72', '2', '07', 'MANUKAN', 'M', '3rd'),
('09', '72', '1', '08', 'MUTIA', 'M', '5th'),
('09', '72', '1', '09', 'PIÑAN (NEW PIÑAN)', 'M', '4th'),
('09', '72', '1', '10', 'POLANCO', 'M', '3rd'),
('09', '72', '2', '11', 'PRES. MANUEL A. ROXAS', 'M', '2nd'),
('09', '72', '1', '12', 'RIZAL', 'M', '5th'),
('09', '72', '3', '13', 'SALUG', 'M', '3rd'),
('09', '72', '1', '14', 'SERGIO OSMEÑA SR.', 'M', '2nd'),
('09', '72', '2', '15', 'SIAYAN', 'M', '2nd'),
('09', '72', '3', '16', 'SIBUCO', 'M', '1st'),
('09', '72', '1', '17', 'SIBUTAD', 'M', '5th'),
('09', '72', '2', '18', 'SINDANGAN', 'M', '1st'),
('09', '72', '3', '19', 'SIOCON', 'M', '1st'),
('09', '72', '3', '20', 'SIRAWAI', 'M', '4th'),
('09', '72', '3', '21', 'TAMPILISAN', 'M', '4th'),
('09', '73', '1', '02', 'AURORA', 'M', '2nd'),
('09', '73', '2', '03', 'BAYOG', 'M', '3rd*'),
('09', '73', '2', '05', 'DIMATALING', 'M', '4th'),
('09', '73', '2', '06', 'DINAS', 'M', '4th'),
('09', '73', '2', '07', 'DUMALINAO', 'M', '4th'),
('09', '73', '1', '08', 'DUMINGAG', 'M', '2nd'),
('09', '73', '2', '43', 'GUIPOS', 'M', '4th'),
('09', '73', '1', '37', 'JOSEFINA', 'M', '5th*'),
('09', '73', '2', '11', 'KUMALARANG', 'M', '4th*'),
('09', '73', '1', '12', 'LABANGAN', 'M', '3rd'),
('09', '73', '2', '33', 'LAKEWOOD', 'M', '4th'),
('09', '73', '2', '13', 'LAPUYAN', 'M', '3rd'),
('09', '73', '1', '15', 'MAHAYAG', 'M', '3rd*'),
('09', '73', '2', '17', 'MARGOSATUBIG', 'M', '3rd'),
('09', '73', '1', '18', 'MIDSALIP', 'M', '4th*'),
('09', '73', '1', '19', 'MOLAVE', 'M', '1st'),
('09', '73', '1', '22', 'CITY OF PAGADIAN (Capital)', 'CC', '2nd'),
('09', '73', '2', '38', 'PITOGO', 'M', '4th'),
('09', '73', '1', '23', 'RAMON MAGSAYSAY (LIARGO)', 'M', '4th*'),
('09', '73', '2', '24', 'SAN MIGUEL', 'M', '4th'),
('09', '73', '2', '25', 'SAN PABLO', 'M', '4th*'),
('09', '73', '1', '40', 'SOMINOT (DON MARIANO MARCOS)', 'M', '5th*'),
('09', '73', '2', '27', 'TABINA', 'M', '4th'),
('09', '73', '1', '28', 'TAMBULIG', 'M', '4th*'),
('09', '73', '2', '44', 'TIGBAO', 'M', '5th*'),
('09', '73', '1', '30', 'TUKURAN', 'M', '4th*'),
('09', '73', '2', '41', 'VINCENZO A. SAGUN', 'M', '5th'),
('09', '73', '2 L', '32', 'CITY OF ZAMBOANGA', 'HUC', '1st'),
('09', '83', '1', '01', 'ALICIA', 'M', '3rd'),
('09', '83', '1', '02', 'BUUG', 'M', '3rd'),
('09', '83', '1', '03', 'DIPLAHAN', 'M', '3rd'),
('09', '83', '1', '04', 'IMELDA', 'M', '4th'),
('09', '83', '2', '05', 'IPIL (Capital)', 'M', '1st'),
('09', '83', '2', '06', 'KABASALAN', 'M', '2nd'),
('09', '83', '1', '07', 'MABUHAY', 'M', '4th*'),
('09', '83', '1', '08', 'MALANGAS', 'M', '3rd*'),
('09', '83', '2', '09', 'NAGA', 'M', '3rd*'),
('09', '83', '1', '10', 'OLUTANGA', 'M', '4th'),
('09', '83', '1', '11', 'PAYAO', 'M', '3rd'),
('09', '83', '2', '12', 'ROSELLER LIM', 'M', '3rd'),
('09', '83', '2', '13', 'SIAY', 'M', '2nd'),
('09', '83', '1', '14', 'TALUSAN', 'M', '5th'),
('09', '83', '2', '15', 'TITAY', 'M', '2nd'),
('09', '83', '2', '16', 'TUNGAWAN', 'M', '2nd'),
('09', '97', '0', '01', 'CITY OF ISABELA', 'CC', '4th'),
('10', '13', '1', '01', 'BAUNGON', 'M', '2nd'),
('10', '13', '2', '22', 'CABANGLASAN', 'M', '3rd'),
('10', '13', '2', '21', 'CITY OF VALENCIA', 'CC', '2nd'),
('10', '13', '3', '02', 'DAMULOG', 'M', '4th'),
('10', '13', '3', '03', 'DANGCAGAN', 'M', '3rd');
INSERT INTO `tblcitymun` (`region_c`, `province_c`, `district_c`, `citymun_c`, `citymun_m`, `lgu_type`, `income`) VALUES
('10', '13', '3', '04', 'DON CARLOS', 'M', '1st'),
('10', '13', '2', '05', 'IMPASUG-ONG', 'M', '1st'),
('10', '13', '3', '06', 'KADINGILAN', 'M', '3rd'),
('10', '13', '1', '07', 'KALILANGAN', 'M', '2nd'),
('10', '13', '3', '08', 'KIBAWE', 'M', '2nd'),
('10', '13', '3', '09', 'KITAOTAO', 'M', '1st'),
('10', '13', '2', '10', 'LANTAPAN', 'M', '1st'),
('10', '13', '1', '11', 'LIBONA', 'M', '1st'),
('10', '13', '2', '12', 'CITY OF MALAYBALAY (Capital)', 'CC', '1st'),
('10', '13', '1', '13', 'MALITBOG', 'M', '2nd'),
('10', '13', '1', '14', 'MANOLO FORTICH', 'M', '1st'),
('10', '13', '3', '15', 'MARAMAG', 'M', '1st'),
('10', '13', '1', '16', 'PANGANTUCAN', 'M', '1st'),
('10', '13', '3', '17', 'QUEZON', 'M', '1st'),
('10', '13', '2', '18', 'SAN FERNANDO', 'M', '1st'),
('10', '13', '1', '19', 'SUMILAO', 'M', '4th'),
('10', '13', '1', '20', 'TALAKAG', 'M', '1st'),
('10', '18', '0', '01', 'CATARMAN', 'M', '5th'),
('10', '18', '0', '02', 'GUINSILIBAN', 'M', '6th'),
('10', '18', '0', '03', 'MAHINOG', 'M', '5th'),
('10', '18', '0', '04', 'MAMBAJAO (Capital)', 'M', '3rd'),
('10', '18', '0', '05', 'SAGAY', 'M', '5th'),
('10', '35', '1', '01', 'BACOLOD', 'M', '4th'),
('10', '35', '2', '02', 'BALOI', 'M', '3rd'),
('10', '35', '1', '03', 'BAROY', 'M', '4th'),
('10', '35', '0', '04', 'CITY OF ILIGAN', 'HUC', '1st* (reclass 2005)'),
('10', '35', '2', '05', 'KAPATAGAN', 'M', '2nd'),
('10', '35', '1', '07', 'KAUSWAGAN', 'M', '5th'),
('10', '35', '1', '08', 'KOLAMBUGAN', 'M', '4th'),
('10', '35', '2', '09', 'LALA', 'M', '1st'),
('10', '35', '1', '10', 'LINAMON', 'M', '5th'),
('10', '35', '2', '11', 'MAGSAYSAY', 'M', '5th'),
('10', '35', '1', '12', 'MAIGO', 'M', '4th'),
('10', '35', '2', '13', 'MATUNGAO', 'M', '5th'),
('10', '35', '2', '14', 'MUNAI', 'M', '4th'),
('10', '35', '2', '15', 'NUNUNGAN', 'M', '3rd'),
('10', '35', '2', '16', 'PANTAO RAGAT', 'M', '4th'),
('10', '35', '2', '23', 'PANTAR', 'M', '5th'),
('10', '35', '2', '17', 'POONA PIAGAPO', 'M', '4th'),
('10', '35', '2', '18', 'SALVADOR', 'M', '5th'),
('10', '35', '2', '19', 'SAPAD', 'M', '5th'),
('10', '35', '2', '06', 'SULTAN NAGA DIMAPORO (KAROMATAN)', 'M', '3rd'),
('10', '35', '2', '20', 'TAGOLOAN', 'M', '5th'),
('10', '35', '2', '21', 'TANGCAL', 'M', '5th'),
('10', '35', '1', '22', 'TUBOD (Capital)', 'M', '2nd'),
('10', '42', '1', '01', 'ALORAN', 'M', '4th'),
('10', '42', '1', '02', 'BALIANGAO', 'M', '5th'),
('10', '42', '2', '03', 'BONIFACIO', 'M', '4th'),
('10', '42', '1', '04', 'CALAMBA', 'M', '4th'),
('10', '42', '2', '05', 'CLARIN', 'M', '4th'),
('10', '42', '1', '06', 'CONCEPCION', 'M', '6th*'),
('10', '42', '2', '17', 'DON VICTORIANO CHIONGBIAN (DON MARIANO MARCOS)', 'M', '4th'),
('10', '42', '1', '07', 'JIMENEZ', 'M', '3rd'),
('10', '42', '1', '08', 'LOPEZ JAENA', 'M', '4th'),
('10', '42', '1', '09', 'CITY OF OROQUIETA (Capital)', 'CC', '4th'),
('10', '42', '2', '10', 'CITY OF OZAMIZ', 'CC', '3rd'),
('10', '42', '1', '11', 'PANAON', 'M', '5th'),
('10', '42', '1', '12', 'PLARIDEL', 'M', '3rd'),
('10', '42', '1', '13', 'SAPANG DALAGA', 'M', '5th*'),
('10', '42', '2', '14', 'SINACABAN', 'M', '5th'),
('10', '42', '2', '15', 'CITY OF TANGUB', 'CC', '4th'),
('10', '42', '2', '16', 'TUDELA', 'M', '4th'),
('10', '43', '2', '01', 'ALUBIJID', 'M', '4th'),
('10', '43', '1', '02', 'BALINGASAG', 'M', '2nd'),
('10', '43', '1', '03', 'BALINGOAN', 'M', '5th'),
('10', '43', '1', '04', 'BINUANGAN', 'M', '6th'),
('10', '43', '2', '05', 'CITY OF CAGAYAN DE ORO (Capital)', 'HUC', '1st'),
('10', '43', '2', '07', 'CITY OF EL SALVADOR', 'CC', '6th'),
('10', '43', '2', '06', 'CLAVERIA', 'M', '1st'),
('10', '43', '1', '08', 'CITY OF GINGOOG', 'CC', '2nd'),
('10', '43', '2', '09', 'GITAGUM', 'M', '5th'),
('10', '43', '2', '10', 'INITAO', 'M', '3rd'),
('10', '43', '2', '11', 'JASAAN', 'M', '2nd'),
('10', '43', '1', '12', 'KINOGUITAN', 'M', '5th'),
('10', '43', '1', '13', 'LAGONGLONG', 'M', '5th'),
('10', '43', '2', '14', 'LAGUINDINGAN', 'M', '4th'),
('10', '43', '2', '15', 'LIBERTAD', 'M', '5th'),
('10', '43', '2', '16', 'LUGAIT', 'M', '2nd'),
('10', '43', '1', '17', 'MAGSAYSAY (LINUGOS)', 'M', '4th'),
('10', '43', '2', '18', 'MANTICAO', 'M', '4th'),
('10', '43', '1', '19', 'MEDINA', 'M', '4th'),
('10', '43', '2', '20', 'NAAWAN', 'M', '4th'),
('10', '43', '2', '21', 'OPOL', 'M', '2nd'),
('10', '43', '1', '22', 'SALAY', 'M', '4th'),
('10', '43', '1', '23', 'SUGBONGCOGON', 'M', '5th'),
('10', '43', '2', '24', 'TAGOLOAN', 'M', '1st'),
('10', '43', '1', '25', 'TALISAYAN', 'M', '4th'),
('10', '43', '2', '26', 'VILLANUEVA', 'M', '2nd'),
('11', '23', '1', '01', 'ASUNCION (SAUG)', 'M', '1st'),
('11', '23', '2', '23', 'BRAULIO E. DUJALI', 'M', '4th'),
('11', '23', '2', '03', 'CARMEN', 'M', '1st'),
('11', '23', '2', '15', 'CITY OF PANABO', 'CC', '3rd'),
('11', '23', '2', '19', 'CITY OF TAGUM (Capital)', 'CC', '1st'),
('11', '23', '2', '17', 'ISLAND GARDEN CITY OF SAMAL', 'CC', '4th'),
('11', '23', '1', '05', 'KAPALONG', 'M', '1st'),
('11', '23', '1', '14', 'NEW CORELLA', 'M', '2nd'),
('11', '23', '1', '24', 'SAN ISIDRO', 'M', '5th'),
('11', '23', '2', '18', 'SANTO TOMAS', 'M', '1st'),
('11', '23', '1', '22', 'TALAINGOD', 'M', '2nd'),
('11', '24', '1', '01', 'BANSALAN', 'M', '1st'),
('11', '24', '1', '03', 'CITY OF DIGOS (Capital)', 'CC', '2nd'),
('11', '24', '3', '02', 'CITY OF DAVAO', 'HUC', '1st'),
('11', '24', '1', '04', 'HAGONOY', 'M', '2nd'),
('11', '24', '2', '06', 'KIBLAWAN', 'M', '2nd'),
('11', '24', '1', '07', 'MAGSAYSAY', 'M', '3rd'),
('11', '24', '1', '08', 'MALALAG', 'M', '2nd'),
('11', '24', '1', '10', 'MATANAO', 'M', '2nd'),
('11', '24', '1', '11', 'PADADA', 'M', '3rd'),
('11', '24', '1', '12', 'SANTA CRUZ', 'M', '1st'),
('11', '24', '2', '14', 'SULOP', 'M', '3rd'),
('11', '25', '1', '01', 'BAGANGA', 'M', '1st'),
('11', '25', '2', '02', 'BANAYBANAY', 'M', '2nd'),
('11', '25', '1', '03', 'BOSTON', 'M', '3rd'),
('11', '25', '1', '04', 'CARAGA', 'M', '1st'),
('11', '25', '1', '05', 'CATEEL', 'M', '2nd'),
('11', '25', '2', '09', 'CITY OF MATI (Capital)', 'CC', '5th'),
('11', '25', '2', '06', 'GOVERNOR GENEROSO', 'M', '2nd'),
('11', '25', '2', '07', 'LUPON', 'M', '1st'),
('11', '25', '1', '08', 'MANAY', 'M', '2nd'),
('11', '25', '2', '10', 'SAN ISIDRO', 'M', '3rd'),
('11', '25', '1', '11', 'TARRAGONA', 'M', '3rd'),
('11', '82', '1', '01', 'COMPOSTELA', 'M', '1st'),
('11', '82', '2', '02', 'LAAK (SAN VICENTE)', 'M', '1st'),
('11', '82', '2', '03', 'MABINI (DOÑA ALICIA)', 'M', '2nd'),
('11', '82', '2', '04', 'MACO', 'M', '1st'),
('11', '82', '1', '05', 'MARAGUSAN (SAN MARIANO)', 'M', '1st'),
('11', '82', '2', '06', 'MAWAB', 'M', '3rd'),
('11', '82', '1', '07', 'MONKAYO', 'M', '1st'),
('11', '82', '1', '08', 'MONTEVISTA', 'M', '3rd'),
('11', '82', '2', '09', 'NABUNTURAN (Capital)', 'M', '1st'),
('11', '82', '1', '10', 'NEW BATAAN', 'M', '1st'),
('11', '82', '2', '11', 'PANTUKAN', 'M', '1st'),
('11', '86', '', '01', 'DON MARCELINO', 'M', '3rd'),
('11', '86', '', '02', 'JOSE ABAD SANTOS (TRINIDAD)', 'M', '1st'),
('11', '86', '', '03', 'MALITA (Capital)', 'M', '1st'),
('11', '86', '', '04', 'SANTA MARIA', 'M', '2nd'),
('11', '86', '', '05', 'SARANGANI', 'M', '4th'),
('12', '47', '1', '01', 'ALAMADA', 'M', '1st'),
('12', '47', '1', '17', 'ALEOSAN', 'M', '3rd'),
('12', '47', '2', '15', 'ANTIPAS', 'M', '2nd'),
('12', '47', '2', '18', 'ARAKAN', 'M', '1st'),
('12', '47', '1', '16', 'BANISILAN', 'M', '2nd'),
('12', '47', '1', '02', 'CARMEN', 'M', '1st'),
('12', '47', '2', '04', 'CITY OF KIDAPAWAN (Capital)', 'CC', '3rd'),
('12', '47', '1', '03', 'KABACAN', 'M', '1st'),
('12', '47', '1', '05', 'LIBUNGAN', 'M', '2nd'),
('12', '47', '2', '06', 'MAGPET', 'M', '1st'),
('12', '47', '2', '07', 'MAKILALA', 'M', '1st'),
('12', '47', '2', '08', 'MATALAM', 'M', '1st'),
('12', '47', '1', '09', 'MIDSAYAP', 'M', '1st'),
('12', '47', '2', '10', 'M\'LANG', 'M', '1st'),
('12', '47', '1', '11', 'PIGKAWAYAN', 'M', '1st'),
('12', '47', '1', '12', 'PIKIT', 'M', '1st'),
('12', '47', '2', '13', 'PRESIDENT ROXAS', 'M', '1st'),
('12', '47', '2', '14', 'TULUNAN', 'M', '2nd'),
('12', '63', '2', '02', 'BANGA', 'M', '1st'),
('12', '63', '2', '06', 'CITY OF KORONADAL (Capital)', 'CC', '3rd'),
('12', '63', '1', '03', 'CITY OF GENERAL SANTOS (DADIANGAS)', 'HUC', '1st'),
('12', '63', '2', '19', 'LAKE SEBU', 'M', '1st'),
('12', '63', '2', '11', 'NORALA', 'M', '3rd'),
('12', '63', '1', '12', 'POLOMOLOK', 'M', '1st'),
('12', '63', '2', '18', 'SANTO NIÑO', 'M', '3rd'),
('12', '63', '2', '13', 'SURALLAH', 'M', '1st'),
('12', '63', '1', '14', 'TAMPAKAN', 'M', '2nd'),
('12', '63', '2', '15', 'TANTANGAN', 'M', '3rd'),
('12', '63', '2', '16', 'T\'BOLI', 'M', '1st'),
('12', '63', '1', '17', 'TUPI', 'M', '1st'),
('12', '65', '2', '01', 'BAGUMBAYAN', 'M', '1st'),
('12', '65', '1', '11', 'CITY OF TACURONG', 'CC', '4th'),
('12', '65', '1', '02', 'COLUMBIO', 'M', '1st'),
('12', '65', '2', '03', 'ESPERANZA', 'M', '1st'),
('12', '65', '1', '04', 'ISULAN (Capital)', 'M', '1st'),
('12', '65', '2', '05', 'KALAMANSIG', 'M', '1st'),
('12', '65', '1', '08', 'LAMBAYONG (MARIANO MARCOS)', 'M', '2nd'),
('12', '65', '2', '06', 'LEBAK', 'M', '1st'),
('12', '65', '1', '07', 'LUTAYAN', 'M', '2nd'),
('12', '65', '2', '09', 'PALIMBANG', 'M', '2nd'),
('12', '65', '1', '10', 'PRESIDENT QUIRINO', 'M', '3rd'),
('12', '65', '2', '12', 'SEN. NINOY AQUINO', 'M', '3rd'),
('12', '80', '0', '01', 'ALABEL (Capital)', 'M', '1st'),
('12', '80', '0', '02', 'GLAN', 'M', '1st'),
('12', '80', '0', '03', 'KIAMBA', 'M', '1st'),
('12', '80', '0', '04', 'MAASIM', 'M', '1st'),
('12', '80', '0', '05', 'MAITUM', 'M', '2nd'),
('12', '80', '0', '06', 'MALAPATAN', 'M', '1st'),
('12', '80', '0', '07', 'MALUNGON', 'M', '1st'),
('12', '98', '1', '04', 'CITY OF COTABATO', 'ICC', '3rd'),
('13', '39', '1', '00', 'CITY OF MANILA', 'HUC', 'Special'),
('13', '74', '2', '01', 'CITY OF MANDALUYONG', 'HUC', '1st'),
('13', '74', '2', '02', 'CITY OF MARIKINA', 'HUC', '1st'),
('13', '74', '2', '03', 'CITY OF PASIG', 'HUC', '1st'),
('13', '74', '2', '05', 'CITY OF SAN JUAN', 'HUC', '1st'),
('13', '74', '2', '04', 'QUEZON CITY', 'HUC', 'Special'),
('13', '75', '3', '01', 'CITY OF CALOOCAN', 'HUC', '1st'),
('13', '75', '3', '02', 'CITY OF MALABON', 'HUC', '1st'),
('13', '75', '3', '03', 'CITY OF NAVOTAS', 'HUC', '2nd'),
('13', '75', '3', '04', 'CITY OF VALENZUELA', 'HUC', '1st'),
('13', '76', '4', '01', 'CITY OF LAS PIÑAS', 'HUC', '1st'),
('13', '76', '4', '02', 'CITY OF MAKATI', 'HUC', '1st'),
('13', '76', '4', '03', 'CITY OF MUNTINLUPA', 'HUC', '1st'),
('13', '76', '4', '04', 'CITY OF PARAÑAQUE', 'HUC', '1st'),
('13', '76', '4', '05', 'PASAY CITY', 'HUC', '1st'),
('13', '76', '4', '06', 'PATEROS', 'M', '1st'),
('13', '76', '4', '07', 'CITY OF TAGUIG', 'HUC', '1st'),
('14', '01', '0', '01', 'BANGUED (Capital)', 'M', '1st'),
('14', '01', '0', '02', 'BOLINEY', 'M', '5th'),
('14', '01', '0', '03', 'BUCAY', 'M', '5th'),
('14', '01', '0', '04', 'BUCLOC', 'M', '6th'),
('14', '01', '0', '05', 'DAGUIOMAN', 'M', '5th'),
('14', '01', '0', '06', 'DANGLAS', 'M', '5th'),
('14', '01', '0', '07', 'DOLORES', 'M', '5th'),
('14', '01', '0', '08', 'LA PAZ', 'M', '5th'),
('14', '01', '0', '09', 'LACUB', 'M', '5th'),
('14', '01', '0', '10', 'LAGANGILANG', 'M', '5th'),
('14', '01', '0', '11', 'LAGAYAN', 'M', '5th'),
('14', '01', '0', '12', 'LANGIDEN', 'M', '5th'),
('14', '01', '0', '13', 'LICUAN-BAAY (LICUAN)', 'M', '5th'),
('14', '01', '0', '14', 'LUBA', 'M', '5th'),
('14', '01', '0', '15', 'MALIBCONG', 'M', '5th'),
('14', '01', '0', '16', 'MANABO', 'M', '5th'),
('14', '01', '0', '17', 'PEÑARRUBIA', 'M', '6th'),
('14', '01', '0', '18', 'PIDIGAN', 'M', '5th'),
('14', '01', '0', '19', 'PILAR', 'M', '5th'),
('14', '01', '0', '20', 'SALLAPADAN', 'M', '5th'),
('14', '01', '0', '21', 'SAN ISIDRO', 'M', '5th'),
('14', '01', '0', '22', 'SAN JUAN', 'M', '5th'),
('14', '01', '0', '23', 'SAN QUINTIN', 'M', '5th'),
('14', '01', '0', '24', 'TAYUM', 'M', '5th'),
('14', '01', '0', '25', 'TINEG', 'M', '2nd'),
('14', '01', '0', '26', 'TUBO', 'M', '4th'),
('14', '01', '0', '27', 'VILLAVICIOSA', 'M', '5th'),
('14', '11', '0', '01', 'ATOK', 'M', '4th'),
('14', '11', '0', '02', 'CITY OF BAGUIO', 'HUC', '1st'),
('14', '11', '0', '03', 'BAKUN', 'M', '3rd'),
('14', '11', '0', '04', 'BOKOD', 'M', '4th'),
('14', '11', '0', '05', 'BUGUIAS', 'M', '3rd'),
('14', '11', '0', '06', 'ITOGON', 'M', '1st'),
('14', '11', '0', '07', 'KABAYAN', 'M', '4th'),
('14', '11', '0', '08', 'KAPANGAN', 'M', '4th'),
('14', '11', '0', '09', 'KIBUNGAN', 'M', '4th'),
('14', '11', '0', '10', 'LA TRINIDAD (Capital)', 'M', '1st'),
('14', '11', '0', '11', 'MANKAYAN', 'M', '1st'),
('14', '11', '0', '12', 'SABLAN', 'M', '5th'),
('14', '11', '0', '13', 'TUBA', 'M', '1st'),
('14', '11', '0', '14', 'TUBLAY', 'M', '5th'),
('14', '27', '0', '08', 'AGUINALDO', 'M', '2nd'),
('14', '27', '0', '07', 'ALFONSO LISTA (POTIA)', 'M', '3rd'),
('14', '27', '0', '11', 'ASIPULO', 'M', '5th'),
('14', '27', '0', '01', 'BANAUE', 'M', '4th'),
('14', '27', '0', '09', 'HINGYON', 'M', '5th'),
('14', '27', '0', '02', 'HUNGDUAN', 'M', '4th'),
('14', '27', '0', '03', 'KIANGAN', 'M', '4th'),
('14', '27', '0', '04', 'LAGAWE (Capital)', 'M', '4th'),
('14', '27', '0', '05', 'LAMUT', 'M', '4th'),
('14', '27', '0', '06', 'MAYOYAO', 'M', '4th'),
('14', '27', '0', '10', 'TINOC', 'M', '4th'),
('14', '32', '0', '01', 'BALBALAN', 'M', '3rd'),
('14', '32', '0', '13', 'CITY OF TABUK (Capital)', 'CC', '5th'),
('14', '32', '0', '06', 'LUBUAGAN', 'M', '4th'),
('14', '32', '0', '08', 'PASIL', 'M', '5th'),
('14', '32', '0', '09', 'PINUKPUK', 'M', '1st'),
('14', '32', '0', '11', 'RIZAL (LIWAN)', 'M', '4th'),
('14', '32', '0', '14', 'TANUDAN', 'M', '4th'),
('14', '32', '0', '15', 'TINGLAYAN', 'M', '4th'),
('14', '44', '0', '01', 'BARLIG', 'M', '5th'),
('14', '44', '0', '02', 'BAUKO', 'M', '4th'),
('14', '44', '0', '03', 'BESAO', 'M', '5th'),
('14', '44', '0', '04', 'BONTOC (Capital)', 'M', '2nd'),
('14', '44', '0', '05', 'NATONIN', 'M', '4th'),
('14', '44', '0', '06', 'PARACELIS', 'M', '2nd'),
('14', '44', '0', '07', 'SABANGAN', 'M', '5th'),
('14', '44', '0', '08', 'SADANGA', 'M', '5th'),
('14', '44', '0', '09', 'SAGADA', 'M', '5th'),
('14', '44', '0', '10', 'TADIAN', 'M', '4th'),
('14', '81', '0', '01', 'CALANASAN (BAYAG)', 'M', '1st'),
('14', '81', '0', '02', 'CONNER', 'M', '2nd'),
('14', '81', '0', '03', 'FLORA', 'M', '3rd'),
('14', '81', '0', '04', 'KABUGAO (Capital)', 'M', '1st'),
('14', '81', '0', '05', 'LUNA', 'M', '2nd'),
('14', '81', '0', '06', 'PUDTOL', 'M', '4th'),
('14', '81', '0', '07', 'SANTA MARCELA', 'M', '4th'),
('15', '07', '0', '08', 'AKBAR', 'M', '-'),
('15', '07', '0', '09', 'AL-BARKA', 'M', '-'),
('15', '07', '0', '02', 'CITY OF LAMITAN (Capital)', 'CC', '6th'),
('15', '07', '0', '10', 'HADJI MOHAMMAD AJUL', 'M', '-'),
('15', '07', '0', '12', 'HADJI MUHTAMAD', 'M', '-'),
('15', '07', '0', '03', 'LANTAWAN', 'M', '3rd'),
('15', '07', '0', '04', 'MALUSO', 'M', '4th'),
('15', '07', '0', '05', 'SUMISIP', 'M', '1st'),
('15', '07', '0', '13', 'TABUAN-LASA', 'M', '-'),
('15', '07', '0', '06', 'TIPO-TIPO', 'M', '3rd'),
('15', '07', '0', '07', 'TUBURAN', 'M', '2nd'),
('15', '07', '0', '11', 'UNGKAYA PUKAN', 'M', '-'),
('15', '36', '2', '01', 'BACOLOD-KALAWI (BACOLOD GRANDE)', 'M', '3rd'),
('15', '36', '2', '02', 'BALABAGAN', 'M', '4th*'),
('15', '36', '2', '03', 'BALINDONG (WATU)', 'M', '4th*'),
('15', '36', '2', '04', 'BAYANG', 'M', '5th'),
('15', '36', '2', '05', 'BINIDAYAN', 'M', '4th'),
('15', '36', '1', '33', 'BUADIPOSO-BUNTONG', 'M', '4th'),
('15', '36', '1', '06', 'BUBONG', 'M', '2nd'),
('15', '36', '1', '37', 'AMAI MANABILANG (BUMBARAN)', 'M', '3rd'),
('15', '36', '2', '07', 'BUTIG', 'M', '6th*'),
('15', '36', '2', '32', 'CALANOGAS', 'M', '5th'),
('15', '36', '1', '24', 'DITSAAN-RAMAIN', 'M', '3rd'),
('15', '36', '2', '09', 'GANASSI', 'M', '4th'),
('15', '36', '1', '10', 'KAPAI', 'M', '4th'),
('15', '36', '2', '39', 'KAPATAGAN', 'M', '4th'),
('15', '36', '1', '11', 'LUMBA-BAYABAO (MAGUING)', 'M', '2nd'),
('15', '36', '2', '41', 'LUMBACA-UNAYAN', 'M', '-'),
('15', '36', '2', '12', 'LUMBATAN', 'M', '5th*'),
('15', '36', '2', '36', 'LUMBAYANAGUE', 'M', '4th'),
('15', '36', '2', '13', 'MADALUM', 'M', '3rd'),
('15', '36', '2', '14', 'MADAMBA', 'M', '4th'),
('15', '36', '1', '34', 'MAGUING', 'M', '2nd'),
('15', '36', '2', '15', 'MALABANG', 'M', '3rd'),
('15', '36', '1', '16', 'MARANTAO', 'M', '2nd'),
('15', '36', '1', '17', 'CITY OF MARAWI (Capital)', 'CC', '4th'),
('15', '36', '2', '31', 'MAROGONG', 'M', '4th'),
('15', '36', '1', '18', 'MASIU', 'M', '5th'),
('15', '36', '1', '19', 'MULONDO', 'M', '3rd'),
('15', '36', '2', '20', 'PAGAYAWAN (TATARIKAN)', 'M', '5th'),
('15', '36', '1', '21', 'PIAGAPO', 'M', '4th'),
('15', '36', '2', '35', 'PICONG (SULTAN GUMANDER)', 'M', '4th*'),
('15', '36', '1', '22', 'POONA BAYABAO (GATA)', 'M', '4th'),
('15', '36', '2', '23', 'PUALAS', 'M', '5th'),
('15', '36', '1', '25', 'SAGUIARAN', 'M', '4th'),
('15', '36', '2', '40', 'SULTAN DUMALONDONG', 'M', '6th*'),
('15', '36', '1', '38', 'TAGOLOAN II', 'M', '4th'),
('15', '36', '1', '26', 'TAMPARAN', 'M', '5th*'),
('15', '36', '1', '27', 'TARAKA', 'M', '4th'),
('15', '36', '2', '28', 'TUBARAN', 'M', '4th'),
('15', '36', '2', '29', 'TUGAYA', 'M', '5th'),
('15', '36', '1', '30', 'WAO', 'M', '2nd'),
('15', '38', '0', '01', 'AMPATUAN', 'M', '4th'),
('15', '38', '0', '18', 'BARIRA', 'M', '4th'),
('15', '38', '0', '02', 'BULDON', 'M', '4th*'),
('15', '38', '0', '03', 'BULUAN', 'M', '4th*'),
('15', '38', '0', '28', 'DATU ABDULLAH SANGKI', 'M', '-'),
('15', '38', '0', '31', 'DATU ANGGAL MIDTIMBANG', 'M', '-'),
('15', '38', '0', '30', 'DATU BLAH T. SINSUAT', 'M', '-'),
('15', '38', '0', '35', 'DATU HOFFER AMPATUAN', 'M', '-'),
('15', '38', '0', '07', 'DATU ODIN SINSUAT (DINAIG)', 'M', '2nd'),
('15', '38', '0', '05', 'DATU PAGLAS', 'M', '4th'),
('15', '38', '0', '06', 'DATU PIANG', 'M', '2nd'),
('15', '38', '0', '36', 'DATU SALIBO', 'M', '-'),
('15', '38', '0', '26', 'DATU SAUDI-AMPATUAN', 'M', '4th'),
('15', '38', '0', '27', 'DATU UNSAY', 'M', '5th'),
('15', '38', '0', '19', 'GEN. S.K. PENDATUN', 'M', '4th*'),
('15', '38', '0', '25', 'GUINDULUNGAN', 'M', '-'),
('15', '38', '0', '14', 'KABUNTALAN (TUMBAO)', 'M', '5th*'),
('15', '38', '0', '20', 'MAMASAPANO', 'M', '5th'),
('15', '38', '0', '32', 'MANGUDADATU', 'M', '-'),
('15', '38', '0', '09', 'MATANOG', 'M', '4th'),
('15', '38', '0', '34', 'NORTHERN KABUNTALAN', 'M', '5th*'),
('15', '38', '0', '22', 'PAGAGAWAN', 'M', '5th'),
('15', '38', '0', '10', 'PAGALUNGAN', 'M', '1st'),
('15', '38', '0', '23', 'PAGLAT', 'M', '-'),
('15', '38', '0', '33', 'PANDAG', 'M', '-'),
('15', '38', '0', '11', 'PARANG', 'M', '1st*'),
('15', '38', '0', '29', 'RAJAH BUAYAN', 'M', '-'),
('15', '38', '0', '08', 'SHARIFF AGUAK (MAGANOY) (Capital)', 'M', '2nd'),
('15', '38', '0', '37', 'SHARIFF SAYDONA MUSTAPHA', 'M', '-'),
('15', '38', '0', '17', 'SOUTH UPI', 'M', '4th*'),
('15', '38', '0', '12', 'SULTAN KUDARAT (NULING)', 'M', '1st'),
('15', '38', '0', '24', 'SULTAN MASTURA', 'M', '5th'),
('15', '38', '0', '13', 'SULTAN SA BARONGIS (LAMBAYONG)', 'M', '2nd'),
('15', '38', '0', '16', 'TALAYAN', 'M', '4th*'),
('15', '38', '0', '21', 'TALITAY', 'M', '-'),
('15', '38', '0', '15', 'UPI', 'M', '1st'),
('15', '66', '1', '06', 'HADJI PANGLIMA TAHIL (MARUNGGAS)', 'M', '6th'),
('15', '66', '1', '01', 'INDANAN', 'M', '3rd'),
('15', '66', '1', '02', 'JOLO (Capital)', 'M', '1st'),
('15', '66', '2', '03', 'KALINGALAN CALUANG', 'M', '5th'),
('15', '66', '2', '17', 'LUGUS', 'M', '5th'),
('15', '66', '2', '04', 'LUUK', 'M', '3rd'),
('15', '66', '1', '05', 'MAIMBUNG', 'M', '5th'),
('15', '66', '2', '07', 'OLD PANAMAO', 'M', '4th'),
('15', '66', '2', '19', 'OMAR', 'M', '-'),
('15', '66', '2', '18', 'PANDAMI', 'M', '4th'),
('15', '66', '2', '16', 'PANGLIMA ESTINO (NEW PANAMAO)', 'M', '5th'),
('15', '66', '1', '08', 'PANGUTARAN', 'M', '4th'),
('15', '66', '1', '09', 'PARANG', 'M', '2nd'),
('15', '66', '2', '10', 'PATA', 'M', '5th'),
('15', '66', '1', '11', 'PATIKUL', 'M', '3rd'),
('15', '66', '2', '12', 'SIASI', 'M', '2nd'),
('15', '66', '1', '13', 'TALIPAO', 'M', '1st'),
('15', '66', '2', '14', 'TAPUL', 'M', '5th'),
('15', '66', '2', '15', 'TONGKIL', 'M', '4th'),
('15', '70', '0', '02', 'BONGAO (Capital)', 'M', '2nd'),
('15', '70', '0', '09', 'LANGUYAN', 'M', '1st'),
('15', '70', '0', '03', 'MAPUN (CAGAYAN DE TAWI-TAWI)', 'M', '4th'),
('15', '70', '0', '01', 'PANGLIMA SUGALA (BALIMBING)', 'M', '3rd'),
('15', '70', '0', '10', 'SAPA-SAPA', 'M', '3rd'),
('15', '70', '0', '11', 'SIBUTU', 'M', '-'),
('15', '70', '0', '04', 'SIMUNUL', 'M', '4th'),
('15', '70', '0', '05', 'SITANGKAI', 'M', '1st'),
('15', '70', '0', '06', 'SOUTH UBIAN', 'M', '3rd'),
('15', '70', '0', '07', 'TANDUBAS', 'M', '2nd'),
('15', '70', '0', '08', 'TURTLE ISLANDS', 'M', '5th'),
('16', '02', '2', '01', 'BUENAVISTA', 'M', '1st'),
('16', '02', '1', '02', 'CITY OF BUTUAN (Capital)', 'HUC', '1st'),
('16', '02', '2', '04', 'CARMEN', 'M', '4th'),
('16', '02', '2', '03', 'CITY OF CABADBARAN', 'CC', '6th'),
('16', '02', '2', '05', 'JABONGA', 'M', '3rd'),
('16', '02', '2', '06', 'KITCHARAO', 'M', '4th'),
('16', '02', '1', '07', 'LAS NIEVES', 'M', '2nd'),
('16', '02', '2', '08', 'MAGALLANES', 'M', '4th'),
('16', '02', '2', '09', 'NASIPIT', 'M', '3rd'),
('16', '02', '2', '12', 'REMEDIOS T. ROMUALDEZ', 'M', '5th'),
('16', '02', '2', '10', 'SANTIAGO', 'M', '4th'),
('16', '02', '2', '11', 'TUBAY', 'M', '4th'),
('16', '03', '2', '02', 'BUNAWAN', 'M', '1st'),
('16', '03', '1', '01', 'CITY OF BAYUGAN', 'CC', '5th'),
('16', '03', '1', '03', 'ESPERANZA', 'M', '1st'),
('16', '03', '2', '04', 'LA PAZ', 'M', '1st'),
('16', '03', '2', '05', 'LORETO', 'M', '1st'),
('16', '03', '1', '06', 'PROSPERIDAD (Capital)', 'M', '1st'),
('16', '03', '2', '07', 'ROSARIO', 'M', '2nd'),
('16', '03', '2', '08', 'SAN FRANCISCO', 'M', '1st'),
('16', '03', '1', '09', 'SAN LUIS', 'M', '1st'),
('16', '03', '2', '10', 'SANTA JOSEFA', 'M', '3rd'),
('16', '03', '1', '14', 'SIBAGAT', 'M', '1st'),
('16', '03', '1', '11', 'TALACOGON', 'M', '2nd'),
('16', '03', '2', '12', 'TRENTO', 'M', '1st'),
('16', '03', '2', '13', 'VERUELA', 'M', '2nd'),
('16', '67', '2', '01', 'ALEGRIA', 'M', '5th'),
('16', '67', '2', '02', 'BACUAG', 'M', '5th'),
('16', '67', '1', '04', 'BURGOS', 'M', '6th'),
('16', '67', '2', '06', 'CLAVER', 'M', '2nd'),
('16', '67', '1', '07', 'DAPA', 'M', '4th'),
('16', '67', '1', '08', 'DEL CARMEN', 'M', '5th'),
('16', '67', '1', '10', 'GENERAL LUNA', 'M', '5th'),
('16', '67', '2', '11', 'GIGAQUIT', 'M', '4th'),
('16', '67', '2', '14', 'MAINIT', 'M', '4th'),
('16', '67', '2', '15', 'MALIMONO', 'M', '5th'),
('16', '67', '1', '16', 'PILAR', 'M', '5th'),
('16', '67', '2', '17', 'PLACER', 'M', '4th'),
('16', '67', '1', '18', 'SAN BENITO', 'M', '6th'),
('16', '67', '2', '19', 'SAN FRANCISCO (ANAO-AON)', 'M', '5th'),
('16', '67', '1', '20', 'SAN ISIDRO', 'M', '5th'),
('16', '67', '1', '21', 'SANTA MONICA (SAPAO)', 'M', '5th'),
('16', '67', '2', '22', 'SISON', 'M', '5th'),
('16', '67', '1', '23', 'SOCORRO', 'M', '4th'),
('16', '67', '2', '24', 'CITY OF SURIGAO (Capital)', 'CC', '3rd'),
('16', '67', '2', '25', 'TAGANA-AN', 'M', '5th*'),
('16', '67', '2', '27', 'TUBOD', 'M', '5th'),
('16', '68', '2', '01', 'BAROBO', 'M', '3rd'),
('16', '68', '1', '02', 'BAYABAS', 'M', '5th'),
('16', '68', '1', '04', 'CAGWAIT', 'M', '4th'),
('16', '68', '1', '05', 'CANTILAN', 'M', '2nd'),
('16', '68', '1', '06', 'CARMEN', 'M', '5th'),
('16', '68', '1', '07', 'CARRASCAL', 'M', '4th'),
('16', '68', '2', '03', 'CITY OF BISLIG', 'CC', '3rd'),
('16', '68', '1', '19', 'CITY OF TANDAG (Capital)', 'CC', '5th'),
('16', '68', '1', '08', 'CORTES', 'M', '4th'),
('16', '68', '2', '09', 'HINATUAN', 'M', '2nd'),
('16', '68', '1', '10', 'LANUZA', 'M', '4th'),
('16', '68', '1', '11', 'LIANGA', 'M', '4th'),
('16', '68', '2', '12', 'LINGIG', 'M', '2nd'),
('16', '68', '1', '13', 'MADRID', 'M', '4th'),
('16', '68', '1', '14', 'MARIHATAG', 'M', '3rd'),
('16', '68', '1', '15', 'SAN AGUSTIN', 'M', '4th'),
('16', '68', '1', '16', 'SAN MIGUEL', 'M', '1st'),
('16', '68', '2', '17', 'TAGBINA', 'M', '2nd'),
('16', '68', '1', '18', 'TAGO', 'M', '2nd'),
('16', '85', '0', '01', 'BASILISA (RIZAL)', 'M', '4th*'),
('16', '85', '0', '02', 'CAGDIANAO', 'M', '3rd'),
('16', '85', '0', '03', 'DINAGAT', 'M', '5th'),
('16', '85', '0', '04', 'LIBJO (ALBOR)', 'M', '5th'),
('16', '85', '0', '05', 'LORETO', 'M', '4th*'),
('16', '85', '0', '06', 'SAN JOSE (Capital)', 'M', '4th*'),
('16', '85', '0', '07', 'TUBAJON', 'M', '5th*'),
('17', '40', '0', '01', 'BOAC (Capital)', 'M', '1st'),
('17', '40', '0', '02', 'BUENAVISTA', 'M', '4th'),
('17', '40', '0', '03', 'GASAN', 'M', '3rd'),
('17', '40', '0', '04', 'MOGPOG', 'M', '3rd'),
('17', '40', '0', '05', 'SANTA CRUZ', 'M', '1st'),
('17', '40', '0', '06', 'TORRIJOS', 'M', '3rd'),
('17', '51', '0', '01', 'ABRA DE ILOG', 'M', '2nd'),
('17', '51', '0', '02', 'CALINTAAN', 'M', '3rd'),
('17', '51', '0', '03', 'LOOC', 'M', '5th'),
('17', '51', '0', '04', 'LUBANG', 'M', '4th'),
('17', '51', '0', '05', 'MAGSAYSAY', 'M', '3rd'),
('17', '51', '0', '06', 'MAMBURAO (Capital)', 'M', '2nd'),
('17', '51', '0', '07', 'PALUAN', 'M', '3rd'),
('17', '51', '0', '08', 'RIZAL', 'M', '3rd'),
('17', '51', '0', '09', 'SABLAYAN', 'M', '1st'),
('17', '51', '0', '10', 'SAN JOSE', 'M', '1st'),
('17', '51', '0', '11', 'SANTA CRUZ', 'M', '1st'),
('17', '52', '1', '01', 'BACO', 'M', '3rd'),
('17', '52', '2', '02', 'BANSUD', 'M', '2nd'),
('17', '52', '2', '03', 'BONGABONG', 'M', '1st'),
('17', '52', '2', '04', 'BULALACAO (SAN PEDRO)', 'M', '3rd'),
('17', '52', '1', '05', 'CITY OF CALAPAN (Capital)', 'CC', '3rd'),
('17', '52', '2', '06', 'GLORIA', 'M', '3rd'),
('17', '52', '2', '07', 'MANSALAY', 'M', '2nd'),
('17', '52', '1', '08', 'NAUJAN', 'M', '1st'),
('17', '52', '2', '09', 'PINAMALAYAN', 'M', '1st'),
('17', '52', '1', '10', 'POLA', 'M', '3rd'),
('17', '52', '1', '11', 'PUERTO GALERA', 'M', '1st'),
('17', '52', '2', '12', 'ROXAS', 'M', '2nd'),
('17', '52', '1', '13', 'SAN TEODORO', 'M', '4th'),
('17', '52', '1', '14', 'SOCORRO', 'M', '3rd'),
('17', '52', '1', '15', 'VICTORIA', 'M', '2nd'),
('17', '53', '3', '01', 'ABORLAN', 'M', '1st'),
('17', '53', '1', '02', 'AGUTAYA', 'M', '5th'),
('17', '53', '1', '03', 'ARACELI', 'M', '4th'),
('17', '53', '2', '04', 'BALABAC', 'M', '2nd'),
('17', '53', '2', '05', 'BATARAZA', 'M', '1st'),
('17', '53', '2', '06', 'BROOKE\'S POINT', 'M', '1st'),
('17', '53', '1', '07', 'BUSUANGA', 'M', '3rd'),
('17', '53', '1', '08', 'CAGAYANCILLO', 'M', '6th'),
('17', '53', '1', '09', 'CORON', 'M', '1st'),
('17', '53', '1', '22', 'CULION', 'M', '3rd'),
('17', '53', '1', '10', 'CUYO', 'M', '4th'),
('17', '53', '1', '11', 'DUMARAN', 'M', '3rd'),
('17', '53', '1', '12', 'EL NIDO (BACUIT)', 'M', '1st'),
('17', '53', '1', '21', 'KALAYAAN', 'M', '5th'),
('17', '53', '1', '13', 'LINAPACAN', 'M', '5th'),
('17', '53', '1', '14', 'MAGSAYSAY', 'M', '5th'),
('17', '53', '2', '15', 'NARRA', 'M', '1st'),
('17', '53', '3', '16', 'CITY OF PUERTO PRINCESA (Capital)', 'HUC', '1st'),
('17', '53', '2', '17', 'QUEZON', 'M', '1st'),
('17', '53', '2', '23', 'RIZAL (MARCOS)', 'M', '1st'),
('17', '53', '1', '18', 'ROXAS', 'M', '1st'),
('17', '53', '1', '19', 'SAN VICENTE', 'M', '1st'),
('17', '53', '2', '24', 'SOFRONIO ESPAÑOLA', 'M', '2nd'),
('17', '53', '1', '20', 'TAYTAY', 'M', '1st'),
('17', '59', '0', '01', 'ALCANTARA', 'M', '5th'),
('17', '59', '0', '02', 'BANTON', 'M', '5th'),
('17', '59', '0', '03', 'CAJIDIOCAN', 'M', '4th'),
('17', '59', '0', '04', 'CALATRAVA', 'M', '5th'),
('17', '59', '0', '05', 'CONCEPCION', 'M', '6th'),
('17', '59', '0', '06', 'CORCUERA', 'M', '5th'),
('17', '59', '0', '16', 'FERROL', 'M', '6th'),
('17', '59', '0', '07', 'LOOC', 'M', '4th'),
('17', '59', '0', '08', 'MAGDIWANG', 'M', '5th'),
('17', '59', '0', '09', 'ODIONGAN', 'M', '2nd'),
('17', '59', '0', '10', 'ROMBLON (Capital)', 'M', '3rd'),
('17', '59', '0', '11', 'SAN AGUSTIN', 'M', '4th'),
('17', '59', '0', '12', 'SAN ANDRES', 'M', '5th'),
('17', '59', '0', '13', 'SAN FERNANDO', 'M', '4th'),
('17', '59', '0', '14', 'SAN JOSE', 'M', '5th'),
('17', '59', '0', '15', 'SANTA FE', 'M', '5th'),
('17', '59', '0', '17', 'SANTA MARIA (IMELDA)', 'M', '5th'),
('06', '45', '0', '01', 'CITY OF BACOLOD (Capital)', 'HUC', '1st'),
('06', '45', '4', '02', 'CITY OF BAGO', 'CC', '2nd'),
('06', '45', '5', '03', 'BINALBAGAN', 'M', '1st'),
('06', '45', '2', '04', 'CITY OF CADIZ', 'CC', '2nd'),
('06', '45', '1', '05', 'CALATRAVA', 'M', '1st'),
('06', '45', '6', '06', 'CANDONI', 'M', '4th'),
('06', '45', '6', '07', 'CAUAYAN', 'M', '1st'),
('06', '45', '1', '09', 'CITY OF ESCALANTE', 'CC', '4th'),
('06', '45', '5', '10', 'CITY OF HIMAMAYLAN', 'CC', '3rd'),
('06', '45', '6', '15', 'CITY OF KABANKALAN', 'CC', '1st'),
('06', '45', '6', '27', 'CITY OF SIPALAY', 'CC', '4th'),
('06', '45', '3', '28', 'CITY OF TALISAY', 'CC', '4th'),
('06', '45', '3', '31', 'CITY OF VICTORIAS', 'CC', '4th'),
('06', '45', '3', '08', 'ENRIQUE B. MAGALONA (SARAVIA)', 'M', '2nd'),
('06', '45', '5', '11', 'HINIGARAN', 'M', '1st'),
('06', '45', '6', '12', 'HINOBA-AN (ASIA)', 'M', '1st'),
('06', '45', '6', '13', 'ILOG', 'M', '2nd'),
('06', '45', '5', '14', 'ISABELA', 'M', '2nd'),
('06', '45', '4', '16', 'CITY OF LA CARLOTA', 'CC', '4th'),
('06', '45', '5', '17', 'LA CASTELLANA', 'M', '1st'),
('06', '45', '2', '18', 'MANAPLA', 'M', '2nd'),
('06', '45', '5', '19', 'MOISES PADILLA (MAGALLON)', 'M', '3rd'),
('06', '45', '3', '20', 'MURCIA', 'M', '1st'),
('06', '45', '4', '21', 'PONTEVEDRA', 'M', '3rd'),
('06', '45', '4', '22', 'PULUPANDAN', 'M', '3rd'),
('06', '45', '2', '23', 'CITY OF SAGAY', 'CC', '3rd'),
('06', '45', '1', '32', 'SALVADOR BENEDICTO', 'M', '4th'),
('06', '45', '1', '24', 'CITY OF SAN CARLOS', 'CC', '2nd'),
('06', '45', '4', '25', 'SAN ENRIQUE', 'M', '4th'),
('06', '45', '3', '26', 'CITY OF SILAY', 'CC', '3rd'),
('06', '45', '1', '29', 'TOBOSO', 'M', '3rd'),
('06', '45', '4', '30', 'VALLADOLID', 'M', '4th'),
('07', '46', '2', '01', 'AMLAN (AYUQUITAN)', 'M', '4th'),
('07', '46', '1', '02', 'AYUNGON', 'M', '2nd'),
('07', '46', '3', '03', 'BACONG', 'M', '4th'),
('07', '46', '2', '04', 'CITY OF BAIS', 'CC', '3rd'),
('07', '46', '3', '05', 'BASAY', 'M', '4th'),
('07', '46', '1', '07', 'BINDOY (PAYABON)', 'M', '3rd'),
('07', '46', '1', '08', 'CITY OF CANLAON', 'CC', '4th'),
('07', '46', '3', '06', 'CITY OF BAYAWAN (TULONG)', 'CC', '2nd'),
('07', '46', '1', '11', 'CITY OF GUIHULNGAN', 'CC', '5th'),
('07', '46', '2', '21', 'CITY OF TANJAY', 'CC', '4th'),
('07', '46', '3', '09', 'DAUIN', 'M', '4th'),
('07', '46', '2', '10', 'CITY OF DUMAGUETE (Capital)', 'CC', '3rd'),
('07', '46', '1', '12', 'JIMALALUD', 'M', '4th'),
('07', '46', '1', '13', 'LA LIBERTAD', 'M', '3rd'),
('07', '46', '2', '14', 'MABINAY', 'M', '1st'),
('07', '46', '1', '15', 'MANJUYOD', 'M', '2nd'),
('07', '46', '2', '16', 'PAMPLONA', 'M', '3rd'),
('07', '46', '2', '17', 'SAN JOSE', 'M', '5th'),
('07', '46', '3', '18', 'SANTA CATALINA', 'M', '1st'),
('07', '46', '3', '19', 'SIATON', 'M', '1st'),
('07', '46', '2', '20', 'SIBULAN', 'M', '2nd'),
('07', '46', '1', '22', 'TAYASAN', 'M', '3rd'),
('07', '46', '3', '23', 'VALENCIA (LUZURRIAGA)', 'M', '1st'),
('07', '46', '1', '24', 'VALLEHERMOSO', 'M', '3rd'),
('07', '46', '3', '25', 'ZAMBOANGUITA', 'M', '4th');

-- --------------------------------------------------------

--
-- Table structure for table `tblprovince`
--

CREATE TABLE `tblprovince` (
  `region_c` varchar(2) NOT NULL,
  `province_c` varchar(2) NOT NULL,
  `province_m` varchar(200) NOT NULL,
  `income` varchar(20) NOT NULL
) ENGINE=InnoDB DEFAULT CHARSET=utf8 COLLATE=utf8_unicode_ci;

--
-- Dumping data for table `tblprovince`
--

INSERT INTO `tblprovince` (`region_c`, `province_c`, `province_m`, `income`) VALUES
('14', '01', 'ABRA', '3rd'),
('16', '02', 'AGUSAN DEL NORTE', '3rd'),
('16', '03', 'AGUSAN DEL SUR', '1st'),
('06', '04', 'AKLAN', '2nd'),
('05', '05', 'ALBAY', '1st'),
('06', '06', 'ANTIQUE', '2nd'),
('15', '07', 'BASILAN', '3rd'),
('03', '08', 'BATAAN', '1st'),
('02', '09', 'BATANES', '5th'),
('04', '10', 'BATANGAS', '1st'),
('14', '11', 'BENGUET', '2nd'),
('07', '12', 'BOHOL', '1st'),
('10', '13', 'BUKIDNON', '1st'),
('03', '14', 'BULACAN', '1st'),
('02', '15', 'CAGAYAN', '1st'),
('05', '16', 'CAMARINES NORTE', '2nd'),
('05', '17', 'CAMARINES SUR', '1st'),
('10', '18', 'CAMIGUIN', '5th'),
('06', '19', 'CAPIZ', '1st'),
('05', '20', 'CATANDUANES', '3rd'),
('04', '21', 'CAVITE', '1st'),
('07', '22', 'CEBU', '1st'),
('11', '23', 'DAVAO DEL NORTE', '1st'),
('11', '24', 'DAVAO DEL SUR', '1st'),
('11', '25', 'DAVAO ORIENTAL', '1st'),
('08', '26', 'EASTERN SAMAR', '2nd'),
('14', '27', 'IFUGAO', '3rd'),
('01', '28', 'ILOCOS NORTE', '1st'),
('01', '29', 'ILOCOS SUR', '1st'),
('06', '30', 'ILOILO', '1st'),
('02', '31', 'ISABELA', '1st'),
('14', '32', 'KALINGA', '3rd'),
('01', '33', 'LA UNION', '1st'),
('04', '34', 'LAGUNA', '1st'),
('10', '35', 'LANAO DEL NORTE', '2nd'),
('15', '36', 'LANAO DEL SUR', '1st'),
('08', '37', 'LEYTE', '1st'),
('15', '38', 'MAGUINDANAO', '1st'),
('13', '39', 'NCR, FIRST DISTRICT', ''),
('17', '40', 'MARINDUQUE', '4th'),
('05', '41', 'MASBATE', '1st'),
('10', '42', 'MISAMIS OCCIDENTAL', '2nd'),
('10', '43', 'MISAMIS ORIENTAL', '1st'),
('14', '44', 'MOUNTAIN PROVINCE', '4th'),
('06', '45', 'NEGROS OCCIDENTAL', '1st'),
('07', '46', 'NEGROS ORIENTAL', '1st'),
('12', '47', 'COTABATO (NORTH COTABATO)', '1st'),
('08', '48', 'NORTHERN SAMAR', '2nd'),
('03', '49', 'NUEVA ECIJA', '1st'),
('02', '50', 'NUEVA VIZCAYA', '2nd'),
('17', '51', 'OCCIDENTAL MINDORO', '2nd'),
('17', '52', 'ORIENTAL MINDORO', '1st'),
('17', '53', 'PALAWAN', '1st'),
('03', '54', 'PAMPANGA', '1st'),
('01', '55', 'PANGASINAN', '1st'),
('04', '56', 'QUEZON', '1st'),
('02', '57', 'QUIRINO', '3rd'),
('04', '58', 'RIZAL', '1st'),
('17', '59', 'ROMBLON', '3rd'),
('08', '60', 'SAMAR (WESTERN SAMAR)', '1st'),
('07', '61', 'SIQUIJOR', '5th'),
('05', '62', 'SORSOGON', '2nd'),
('12', '63', 'SOUTH COTABATO', '1st'),
('08', '64', 'SOUTHERN LEYTE', '3rd'),
('12', '65', 'SULTAN KUDARAT', '1st'),
('15', '66', 'SULU', '2nd'),
('16', '67', 'SURIGAO DEL NORTE', '2nd'),
('16', '68', 'SURIGAO DEL SUR', '1st'),
('03', '69', 'TARLAC', '1st'),
('15', '70', 'TAWI-TAWI', '3rd'),
('03', '71', 'ZAMBALES', '2nd'),
('09', '72', 'ZAMBOANGA DEL NORTE', '1st'),
('09', '73', 'ZAMBOANGA DEL SUR', '1st'),
('13', '74', 'NCR, SECOND DISTRICT', ''),
('13', '75', 'NCR, THIRD DISTRICT', ''),
('13', '76', 'NCR, FOURTH DISTRICT', ''),
('03', '77', 'AURORA', '3rd'),
('08', '78', 'BILIRAN', '4th'),
('06', '79', 'GUIMARAS', '4th'),
('12', '80', 'SARANGANI', '2nd'),
('14', '81', 'APAYAO', '3rd'),
('11', '82', 'COMPOSTELA VALLEY', '1st'),
('09', '83', 'ZAMBOANGA SIBUGAY', '2nd'),
('16', '85', 'DINAGAT ISLANDS', '4th'),
('11', '86', 'DAVAO OCCIDENTAL', '4th'),
('09', '97', 'CITY OF ISABELA (Not a Province)', ''),
('12', '98', 'COTABATO CITY (Not a Province)', '');

-- --------------------------------------------------------

--
-- Table structure for table `tblregion`
--

CREATE TABLE `tblregion` (
  `region_c` varchar(2) NOT NULL,
  `region_m` varchar(200) NOT NULL,
  `abbreviation` varchar(200) NOT NULL,
  `region_sort` int(2) DEFAULT NULL
) ENGINE=InnoDB DEFAULT CHARSET=utf8 COLLATE=utf8_unicode_ci;

--
-- Dumping data for table `tblregion`
--

INSERT INTO `tblregion` (`region_c`, `region_m`, `abbreviation`, `region_sort`) VALUES
('01', 'REGION I - ILOCOS REGION', 'REGION 1', 2),
('02', 'REGION II - CAGAYAN VALLEY', 'REGION 2', 3),
('03', 'REGION III - CENTRAL LUZON', 'REGION 3', 4),
('04', 'REGION IV-A - CALABARZON', 'REGION 4A', 5),
('05', 'REGION V - BICOL REGION', 'REGION 5', 7),
('06', 'REGION VI - WESTERN VISAYAS', 'REGION 6', 8),
('07', 'REGION VII - CENTRAL VISAYAS', 'REGION 7', 9),
('08', 'REGION VIII - EASTERN VISAYAS', 'REGION 8', 10),
('09', 'REGION IX - ZAMBOANGA PENINSULA', 'REGION 9', 11),
('10', 'REGION X - NORTHERN MINDANAO', 'REGION 10', 12),
('11', 'REGION XI - DAVAO REGION', 'REGION 11', 13),
('12', 'REGION XII - SOCCSSARGEN', 'REGION 12', 14),
('13', 'NATIONAL CAPITAL REGION', 'NCR', 1),
('14', 'CORDILLERA ADMINISTRATIVE REGION', 'CAR', 15),
('15', 'AUTONOMOUS REGION IN MUSLIM MINDANAO', 'ARMM', 17),
('16', 'REGION XIII - CARAGA', 'CARAGA', 16),
('17', 'MIMAROPA', 'MIMAROPA1', 6),
('18', '-', '-', 18);

-- --------------------------------------------------------

--
-- Table structure for table `transferred`
--

CREATE TABLE `transferred` (
  `transfer_id` int(11) NOT NULL,
  `employee_id` varchar(100) NOT NULL,
  `t_employee_id` varchar(100) NOT NULL,
  `cname_id` varchar(255) DEFAULT NULL,
  `assets_id` varchar(255) DEFAULT NULL,
  `status` int(11) NOT NULL,
  `created_at` timestamp NULL DEFAULT NULL,
  `updated_at` timestamp NULL DEFAULT NULL
) ENGINE=InnoDB DEFAULT CHARSET=utf8mb4 COLLATE=utf8mb4_general_ci;

-- --------------------------------------------------------

--
-- Table structure for table `users`
--

CREATE TABLE `users` (
  `usertbl_id` int(11) NOT NULL,
  `user_id` varchar(255) NOT NULL,
  `fname` varchar(255) NOT NULL,
  `lname` varchar(255) NOT NULL,
  `contact` varchar(150) NOT NULL,
  `email` varchar(255) NOT NULL,
  `username` varchar(255) NOT NULL,
  `password` varchar(255) NOT NULL
) ENGINE=InnoDB DEFAULT CHARSET=utf8mb4 COLLATE=utf8mb4_general_ci;

--
-- Indexes for dumped tables
--

--
-- Indexes for table `allocation`
--
ALTER TABLE `allocation`
  ADD PRIMARY KEY (`allocation_id`);

--
-- Indexes for table `assets`
--
ALTER TABLE `assets`
  ADD PRIMARY KEY (`assetstbl_id`);

--
-- Indexes for table `computer`
--
ALTER TABLE `computer`
  ADD PRIMARY KEY (`computertbl_id`);

--
-- Indexes for table `computer_history`
--
ALTER TABLE `computer_history`
  ADD PRIMARY KEY (`history_id`);

--
-- Indexes for table `employee`
--
ALTER TABLE `employee`
  ADD PRIMARY KEY (`employee_id`);

--
-- Indexes for table `returned`
--
ALTER TABLE `returned`
  ADD PRIMARY KEY (`return_id`);

--
-- Indexes for table `tblprovince`
--
ALTER TABLE `tblprovince`
  ADD PRIMARY KEY (`province_c`);

--
-- Indexes for table `tblregion`
--
ALTER TABLE `tblregion`
  ADD PRIMARY KEY (`region_c`);

--
-- Indexes for table `transferred`
--
ALTER TABLE `transferred`
  ADD PRIMARY KEY (`transfer_id`);

--
-- Indexes for table `users`
--
ALTER TABLE `users`
  ADD PRIMARY KEY (`usertbl_id`);

--
-- AUTO_INCREMENT for dumped tables
--

--
-- AUTO_INCREMENT for table `allocation`
--
ALTER TABLE `allocation`
  MODIFY `allocation_id` int(11) NOT NULL AUTO_INCREMENT, AUTO_INCREMENT=2;

--
-- AUTO_INCREMENT for table `assets`
--
ALTER TABLE `assets`
  MODIFY `assetstbl_id` int(11) NOT NULL AUTO_INCREMENT, AUTO_INCREMENT=15;

--
-- AUTO_INCREMENT for table `computer`
--
ALTER TABLE `computer`
  MODIFY `computertbl_id` int(11) NOT NULL AUTO_INCREMENT, AUTO_INCREMENT=19;

--
-- AUTO_INCREMENT for table `computer_history`
--
ALTER TABLE `computer_history`
  MODIFY `history_id` int(11) NOT NULL AUTO_INCREMENT, AUTO_INCREMENT=3;

--
-- AUTO_INCREMENT for table `returned`
--
ALTER TABLE `returned`
  MODIFY `return_id` int(11) NOT NULL AUTO_INCREMENT, AUTO_INCREMENT=2;

--
-- AUTO_INCREMENT for table `transferred`
--
ALTER TABLE `transferred`
  MODIFY `transfer_id` int(11) NOT NULL AUTO_INCREMENT;

--
-- AUTO_INCREMENT for table `users`
--
ALTER TABLE `users`
  MODIFY `usertbl_id` int(11) NOT NULL AUTO_INCREMENT;
COMMIT;

/*!40101 SET CHARACTER_SET_CLIENT=@OLD_CHARACTER_SET_CLIENT */;
/*!40101 SET CHARACTER_SET_RESULTS=@OLD_CHARACTER_SET_RESULTS */;
/*!40101 SET COLLATION_CONNECTION=@OLD_COLLATION_CONNECTION */;
